fecha,ticker,precio_cierre,volumen
2021-01-04,TCH,152.03,576673
2021-01-05,TCH,152.86,480180
2021-01-06,TCH,153.54,301107
2021-01-07,TCH,155.34,706539
2021-01-08,TCH,152.04,319359
2021-01-11,TCH,153.07,534725
2021-01-12,TCH,154.23,413837
2021-01-13,TCH,160.28,503182
2021-01-14,TCH,154.46,450374
2021-01-15,TCH,153.46,1014387
2021-01-18,TCH,155.06,590519
2021-01-19,TCH,157.64,382993
2021-01-20,TCH,157.14,408896
2021-01-21,TCH,156.28,443565
2021-01-22,TCH,155.74,376624
2021-01-25,TCH,159.85,266247
2021-01-26,TCH,159.82,1011216
2021-01-27,TCH,157.87,643329
2021-01-28,TCH,156.24,340594
2021-01-29,TCH,154.25,482309
2021-02-01,TCH,156.69,734429
2021-02-02,TCH,159.89,371857
2021-02-03,TCH,155.17,215327
2021-02-04,TCH,153.85,317877
2021-02-05,TCH,155.52,276253
2021-02-08,TCH,156.33,433493
2021-02-09,TCH,155.59,262969
2021-02-10,TCH,158.06,621984
2021-02-11,TCH,162.19,478457
2021-02-12,TCH,160.22,581294
2021-02-15,TCH,155.79,562311
2021-02-16,TCH,155.63,285892
2021-02-17,TCH,152.71,181480
2021-02-18,TCH,154.78,619761
2021-02-19,TCH,152.03,333407
2021-02-22,TCH,157.6,584911
2021-02-23,TCH,154.46,420119
2021-02-24,TCH,154.23,479347
2021-02-25,TCH,154.88,645094
2021-02-26,TCH,153.17,323622
2021-03-01,TCH,152.77,330528
2021-03-02,TCH,153.42,757946
2021-03-03,TCH,158.95,641394
2021-03-04,TCH,160.05,522418
2021-03-05,TCH,160.35,257848
2021-03-08,TCH,164.11,406474
2021-03-09,TCH,166.25,291905
2021-03-10,TCH,170.11,343239
2021-03-11,TCH,167.67,319247
2021-03-12,TCH,163.48,290295
2021-03-15,TCH,168.74,439306
2021-03-16,TCH,170.39,310035
2021-03-17,TCH,168.84,366348
2021-03-18,TCH,165.66,315183
2021-03-19,TCH,164.52,746664
2021-03-22,TCH,170.32,485929
2021-03-23,TCH,166.69,540570
2021-03-24,TCH,172.46,419266
2021-03-25,TCH,170.74,436520
2021-03-26,TCH,170.82,485921
2021-03-29,TCH,170.99,811152
2021-03-30,TCH,171.55,687986
2021-03-31,TCH,167.05,461088
2021-04-01,TCH,174.83,303863
2021-04-02,TCH,177.25,580319
2021-04-05,TCH,180.04,365892
2021-04-06,TCH,180.5,370814
2021-04-07,TCH,181.48,410502
2021-04-08,TCH,183.14,469094
2021-04-09,TCH,184.44,652715
2021-04-12,TCH,181.65,297840
2021-04-13,TCH,179.66,550091
2021-04-14,TCH,182.99,391965
2021-04-15,TCH,187.83,1500798
2021-04-16,TCH,185.3,419195
2021-04-19,TCH,184.66,679840
2021-04-20,TCH,183.91,887908
2021-04-21,TCH,187.0,295945
2021-04-22,TCH,186.69,439480
2021-04-23,TCH,185.73,540939
2021-04-26,TCH,183.24,310202
2021-04-27,TCH,186.52,376559
2021-04-28,TCH,186.44,394741
2021-04-29,TCH,185.52,608637
2021-04-30,TCH,185.39,848313
2021-05-03,TCH,190.98,410534
2021-05-04,TCH,192.1,301924
2021-05-05,TCH,197.56,1055026
2021-05-06,TCH,194.37,555653
2021-05-07,TCH,195.05,607471
2021-05-10,TCH,194.84,226333
2021-05-11,TCH,204.61,232161
2021-05-12,TCH,204.84,382645
2021-05-13,TCH,201.88,558946
2021-05-14,TCH,203.36,447500
2021-05-17,TCH,205.57,345760
2021-05-18,TCH,211.61,283462
2021-05-19,TCH,210.34,621529
2021-05-20,TCH,215.67,544205
2021-05-21,TCH,216.56,342336
2021-05-24,TCH,218.82,428531
2021-05-25,TCH,221.78,317814
2021-05-26,TCH,221.77,314664
2021-05-27,TCH,216.37,479865
2021-05-28,TCH,217.48,996523
2021-05-31,TCH,215.82,499248
2021-06-01,TCH,211.67,558828
2021-06-02,TCH,212.64,397797
2021-06-03,TCH,209.31,403402
2021-06-04,TCH,210.21,563078
2021-06-07,TCH,210.67,486487
2021-06-08,TCH,210.25,548979
2021-06-09,TCH,206.93,276283
2021-06-10,TCH,202.03,421897
2021-06-11,TCH,202.96,440739
2021-06-14,TCH,207.81,561305
2021-06-15,TCH,211.0,512113
2021-06-16,TCH,206.46,333693
2021-06-17,TCH,205.22,696292
2021-06-18,TCH,204.47,761908
2021-06-21,TCH,200.11,351668
2021-06-22,TCH,198.22,299040
2021-06-23,TCH,195.02,335702
2021-06-24,TCH,200.82,338920
2021-06-25,TCH,201.73,440661
2021-06-28,TCH,207.36,673870
2021-06-29,TCH,208.57,426157
2021-06-30,TCH,214.22,715064
2021-07-01,TCH,209.12,859855
2021-07-02,TCH,214.19,666558
2021-07-05,TCH,214.0,655102
2021-07-06,TCH,213.74,633372
2021-07-07,TCH,217.89,454513
2021-07-08,TCH,217.84,285872
2021-07-09,TCH,219.98,700607
2021-07-12,TCH,216.62,623846
2021-07-13,TCH,224.42,252136
2021-07-14,TCH,221.4,409382
2021-07-15,TCH,217.35,441304
2021-07-16,TCH,214.11,377543
2021-07-19,TCH,209.55,649473
2021-07-20,TCH,202.96,612635
2021-07-21,TCH,203.44,588954
2021-07-22,TCH,199.19,409268
2021-07-23,TCH,196.86,328444
2021-07-26,TCH,189.62,732153
2021-07-27,TCH,195.21,308891
2021-07-28,TCH,197.15,249401
2021-07-29,TCH,190.01,411490
2021-07-30,TCH,189.52,415473
2021-08-02,TCH,188.99,485589
2021-08-03,TCH,188.57,616154
2021-08-04,TCH,189.92,644649
2021-08-05,TCH,184.93,580817
2021-08-06,TCH,181.8,358572
2021-08-09,TCH,180.23,457844
2021-08-10,TCH,182.04,437933
2021-08-11,TCH,180.98,824483
2021-08-12,TCH,181.76,300192
2021-08-13,TCH,177.82,360439
2021-08-16,TCH,175.58,943332
2021-08-17,TCH,177.94,766775
2021-08-18,TCH,179.78,450052
2021-08-19,TCH,180.86,411771
2021-08-20,TCH,183.53,641460
2021-08-23,TCH,185.58,680515
2021-08-24,TCH,183.97,442143
2021-08-25,TCH,185.94,965952
2021-08-26,TCH,186.47,418754
2021-08-27,TCH,185.71,477708
2021-08-30,TCH,184.53,809586
2021-08-31,TCH,188.19,419403
2021-09-01,TCH,190.85,914944
2021-09-02,TCH,189.36,605971
2021-09-03,TCH,187.19,347747
2021-09-06,TCH,185.53,802224
2021-09-07,TCH,188.17,364166
2021-09-08,TCH,184.97,280382
2021-09-09,TCH,184.73,447402
2021-09-10,TCH,187.0,347989
2021-09-13,TCH,188.55,400114
2021-09-14,TCH,190.26,369885
2021-09-15,TCH,185.3,314572
2021-09-16,TCH,186.74,230173
2021-09-17,TCH,184.35,612619
2021-09-20,TCH,182.97,567323
2021-09-21,TCH,177.99,565203
2021-09-22,TCH,181.29,494164
2021-09-23,TCH,183.22,312845
2021-09-24,TCH,181.15,522498
2021-09-27,TCH,182.57,348334
2021-09-28,TCH,185.3,330737
2021-09-29,TCH,189.67,202889
2021-09-30,TCH,191.68,658175
2021-10-01,TCH,190.19,326143
2021-10-04,TCH,186.68,565472
2021-10-05,TCH,194.21,259385
2021-10-06,TCH,193.15,330211
2021-10-07,TCH,193.21,702326
2021-10-08,TCH,194.81,628188
2021-10-11,TCH,198.1,732433
2021-10-12,TCH,197.65,368613
2021-10-13,TCH,201.31,290844
2021-10-14,TCH,211.03,529172
2021-10-15,TCH,210.24,236283
2021-10-18,TCH,212.69,347277
2021-10-19,TCH,209.49,327404
2021-10-20,TCH,208.35,811729
2021-10-21,TCH,205.74,341058
2021-10-22,TCH,202.21,473317
2021-10-25,TCH,198.79,262653
2021-10-26,TCH,204.05,676176
2021-10-27,TCH,210.73,590392
2021-10-28,TCH,215.99,374740
2021-10-29,TCH,215.85,662173
2021-11-01,TCH,219.45,779828
2021-11-02,TCH,214.4,370654
2021-11-03,TCH,204.45,693505
2021-11-04,TCH,203.51,440905
2021-11-05,TCH,204.51,257860
2021-11-08,TCH,203.78,514285
2021-11-09,TCH,204.82,359624
2021-11-10,TCH,205.34,264372
2021-11-11,TCH,203.89,483828
2021-11-12,TCH,202.54,517667
2021-11-15,TCH,204.17,979639
2021-11-16,TCH,211.12,419005
2021-11-17,TCH,209.91,269811
2021-11-18,TCH,215.18,369739
2021-11-19,TCH,212.88,674416
2021-11-22,TCH,210.42,947488
2021-11-23,TCH,214.04,630939
2021-11-24,TCH,220.55,526074
2021-11-25,TCH,216.92,372986
2021-11-26,TCH,209.84,361726
2021-11-29,TCH,208.65,542499
2021-11-30,TCH,213.77,482922
2021-12-01,TCH,215.48,237495
2021-12-02,TCH,209.28,268998
2021-12-03,TCH,207.23,402157
2021-12-06,TCH,208.43,452826
2021-12-07,TCH,212.92,345456
2021-12-08,TCH,212.05,509077
2021-12-09,TCH,214.79,492032
2021-12-10,TCH,217.91,518220
2021-12-13,TCH,218.62,629214
2021-12-14,TCH,217.97,285511
2021-12-15,TCH,220.95,465030
2021-12-16,TCH,219.53,480929
2021-12-17,TCH,217.42,585269
2021-12-20,TCH,211.96,440950
2021-12-21,TCH,203.05,315281
2021-12-22,TCH,198.3,431601
2021-12-23,TCH,198.31,437665
2021-12-24,TCH,203.09,454975
2021-12-27,TCH,204.75,787980
2021-12-28,TCH,209.68,351433
2021-12-29,TCH,209.07,490763
2021-12-30,TCH,210.44,211043
2021-12-31,TCH,208.7,316923
2022-01-03,TCH,200.97,360286
2022-01-04,TCH,196.68,383810
2022-01-05,TCH,194.69,667318
2022-01-06,TCH,195.78,664113
2022-01-07,TCH,190.81,200727
2022-01-10,TCH,192.15,405070
2022-01-11,TCH,193.66,660222
2022-01-12,TCH,188.67,488594
2022-01-13,TCH,191.1,419090
2022-01-14,TCH,190.54,367575
2022-01-17,TCH,185.81,136129
2022-01-18,TCH,185.84,445223
2022-01-19,TCH,182.02,222839
2022-01-20,TCH,185.9,404810
2022-01-21,TCH,179.97,736958
2022-01-24,TCH,183.17,564539
2022-01-25,TCH,188.71,307516
2022-01-26,TCH,193.65,463164
2022-01-27,TCH,198.02,744638
2022-01-28,TCH,196.53,396787
2022-01-31,TCH,196.5,526375
2022-02-01,TCH,197.16,522250
2022-02-02,TCH,192.84,467586
2022-02-03,TCH,195.63,385188
2022-02-04,TCH,198.02,1090230
2022-02-07,TCH,199.35,820242
2022-02-08,TCH,193.81,464120
2022-02-09,TCH,196.59,389918
2022-02-10,TCH,198.15,535445
2022-02-11,TCH,195.31,979892
2022-02-14,TCH,195.56,507691
2022-02-15,TCH,201.25,680904
2022-02-16,TCH,203.67,319652
2022-02-17,TCH,208.63,542839
2022-02-18,TCH,215.28,834929
2022-02-21,TCH,214.21,672074
2022-02-22,TCH,213.08,752900
2022-02-23,TCH,213.31,412597
2022-02-24,TCH,205.38,364781
2022-02-25,TCH,209.06,673938
2022-02-28,TCH,210.68,337020
2022-03-01,TCH,207.9,812929
2022-03-02,TCH,207.09,668785
2022-03-03,TCH,202.16,967636
2022-03-04,TCH,206.24,368637
2022-03-07,TCH,206.39,304149
2022-03-08,TCH,208.61,587300
2022-03-09,TCH,208.91,496206
2022-03-10,TCH,215.47,305067
2022-03-11,TCH,211.57,614693
2022-03-14,TCH,208.04,899632
2022-03-15,TCH,203.38,910088
2022-03-16,TCH,206.62,430929
2022-03-17,TCH,199.44,269240
2022-03-18,TCH,193.15,345549
2022-03-21,TCH,191.01,306474
2022-03-22,TCH,194.41,326400
2022-03-23,TCH,197.33,487780
2022-03-24,TCH,193.5,319524
2022-03-25,TCH,187.04,227105
2022-03-28,TCH,193.02,303094
2022-03-29,TCH,191.29,801372
2022-03-30,TCH,194.36,596160
2022-03-31,TCH,197.51,291650
2022-04-01,TCH,193.87,548686
2022-04-04,TCH,192.47,445454
2022-04-05,TCH,195.47,397562
2022-04-06,TCH,194.87,392846
2022-04-07,TCH,189.97,762588
2022-04-08,TCH,189.73,310385
2022-04-11,TCH,188.25,479453
2022-04-12,TCH,191.65,368358
2022-04-13,TCH,194.33,268078
2022-04-14,TCH,190.89,669799
2022-04-15,TCH,191.48,738927
2022-04-18,TCH,185.5,459346
2022-04-19,TCH,182.45,636024
2022-04-20,TCH,187.93,363663
2022-04-21,TCH,188.34,598485
2022-04-22,TCH,193.24,437940
2022-04-25,TCH,194.48,330735
2022-04-26,TCH,196.83,421414
2022-04-27,TCH,197.25,442654
2022-04-28,TCH,190.36,536889
2022-04-29,TCH,191.95,170756
2022-05-02,TCH,196.5,375150
2022-05-03,TCH,199.51,720416
2022-05-04,TCH,192.57,424634
2022-05-05,TCH,195.68,265925
2022-05-06,TCH,195.32,664077
2022-05-09,TCH,193.92,559803
2022-05-10,TCH,192.85,323595
2022-05-11,TCH,193.1,258840
2022-05-12,TCH,190.43,588400
2022-05-13,TCH,190.54,382031
2022-05-16,TCH,192.88,137011
2022-05-17,TCH,194.31,272586
2022-05-18,TCH,196.39,381009
2022-05-19,TCH,201.81,908362
2022-05-20,TCH,202.0,589931
2022-05-23,TCH,204.29,236836
2022-05-24,TCH,202.65,331752
2022-05-25,TCH,204.14,786336
2022-05-26,TCH,205.62,278819
2022-05-27,TCH,202.35,589861
2022-05-30,TCH,200.69,313367
2022-05-31,TCH,197.16,379012
2022-06-01,TCH,197.82,215061
2022-06-02,TCH,197.72,394624
2022-06-03,TCH,201.68,392014
2022-06-06,TCH,204.48,379301
2022-06-07,TCH,205.57,979693
2022-06-08,TCH,208.51,618232
2022-06-09,TCH,210.72,313910
2022-06-10,TCH,214.58,299825
2022-06-13,TCH,218.76,614983
2022-06-14,TCH,226.85,284278
2022-06-15,TCH,230.69,368655
2022-06-16,TCH,226.49,667332
2022-06-17,TCH,232.36,372644
2022-06-20,TCH,230.19,335170
2022-06-21,TCH,238.48,334363
2022-06-22,TCH,237.52,311047
2022-06-23,TCH,244.99,675285
2022-06-24,TCH,240.84,475536
2022-06-27,TCH,248.07,394607
2022-06-28,TCH,256.6,413151
2022-06-29,TCH,266.37,586428
2022-06-30,TCH,274.11,360771
2022-07-01,TCH,276.38,440698
2022-07-04,TCH,277.54,303739
2022-07-05,TCH,279.67,826453
2022-07-06,TCH,275.27,522628
2022-07-07,TCH,275.23,263201
2022-07-08,TCH,281.08,350215
2022-07-11,TCH,290.93,340830
2022-07-12,TCH,290.16,407682
2022-07-13,TCH,289.52,919152
2022-07-14,TCH,299.05,366602
2022-07-15,TCH,299.12,408805
2022-07-18,TCH,295.71,328158
2022-07-19,TCH,303.03,465327
2022-07-20,TCH,304.08,333677
2022-07-21,TCH,307.16,324980
2022-07-22,TCH,306.92,360606
2022-07-25,TCH,310.67,454157
2022-07-26,TCH,305.13,408212
2022-07-27,TCH,304.33,429122
2022-07-28,TCH,305.38,614650
2022-07-29,TCH,303.13,265746
2022-08-01,TCH,307.82,467881
2022-08-02,TCH,318.36,699230
2022-08-03,TCH,322.94,682931
2022-08-04,TCH,322.88,468275
2022-08-05,TCH,320.83,568288
2022-08-08,TCH,310.65,718543
2022-08-09,TCH,306.48,322502
2022-08-10,TCH,304.91,377870
2022-08-11,TCH,309.51,347309
2022-08-12,TCH,305.94,401324
2022-08-15,TCH,309.54,313753
2022-08-16,TCH,317.03,368252
2022-08-17,TCH,314.07,542835
2022-08-18,TCH,316.15,375852
2022-08-19,TCH,323.75,465676
2022-08-22,TCH,324.27,324180
2022-08-23,TCH,324.59,604192
2022-08-24,TCH,322.55,237625
2022-08-25,TCH,319.41,401152
2022-08-26,TCH,312.69,644669
2022-08-29,TCH,309.53,386300
2022-08-30,TCH,308.98,313412
2022-08-31,TCH,311.24,688438
2022-09-01,TCH,318.2,328154
2022-09-02,TCH,311.25,392254
2022-09-05,TCH,305.08,384789
2022-09-06,TCH,312.88,363782
2022-09-07,TCH,311.1,691333
2022-09-08,TCH,314.84,241600
2022-09-09,TCH,320.88,336196
2022-09-12,TCH,324.13,421194
2022-09-13,TCH,324.47,542135
2022-09-14,TCH,329.25,279557
2022-09-15,TCH,330.52,566712
2022-09-16,TCH,328.26,521120
2022-09-19,TCH,328.59,257898
2022-09-20,TCH,327.42,348118
2022-09-21,TCH,329.09,398515
2022-09-22,TCH,323.85,692548
2022-09-23,TCH,330.55,735051
2022-09-26,TCH,330.52,600958
2022-09-27,TCH,325.2,354827
2022-09-28,TCH,321.78,487776
2022-09-29,TCH,317.26,494987
2022-09-30,TCH,311.78,276373
2022-10-03,TCH,321.1,412083
2022-10-04,TCH,328.61,809996
2022-10-05,TCH,322.66,282641
2022-10-06,TCH,317.61,502718
2022-10-07,TCH,312.59,446831
2022-10-10,TCH,315.58,308438
2022-10-11,TCH,316.93,590521
2022-10-12,TCH,319.38,355594
2022-10-13,TCH,314.17,717390
2022-10-14,TCH,307.89,1113386
2022-10-17,TCH,305.14,452949
2022-10-18,TCH,309.54,915426
2022-10-19,TCH,322.89,464830
2022-10-20,TCH,316.02,186409
2022-10-21,TCH,323.38,392461
2022-10-24,TCH,327.35,432237
2022-10-25,TCH,322.37,894239
2022-10-26,TCH,325.36,462468
2022-10-27,TCH,326.68,184751
2022-10-28,TCH,328.32,525960
2022-10-31,TCH,332.96,460878
2022-11-01,TCH,344.21,411493
2022-11-02,TCH,348.83,441504
2022-11-03,TCH,349.96,701439
2022-11-04,TCH,346.69,471544
2022-11-07,TCH,346.46,477839
2022-11-08,TCH,348.49,362089
2022-11-09,TCH,346.94,266858
2022-11-10,TCH,352.28,477210
2022-11-11,TCH,363.89,353470
2022-11-14,TCH,354.53,469611
2022-11-15,TCH,351.17,197360
2022-11-16,TCH,362.53,461738
2022-11-17,TCH,363.53,432494
2022-11-18,TCH,371.65,453692
2022-11-21,TCH,365.27,485702
2022-11-22,TCH,368.49,536039
2022-11-23,TCH,367.02,553232
2022-11-24,TCH,367.06,410266
2022-11-25,TCH,365.21,644397
2022-11-28,TCH,376.35,428509
2022-11-29,TCH,373.34,257679
2022-11-30,TCH,381.32,586182
2022-12-01,TCH,382.03,408936
2022-12-02,TCH,394.78,381470
2022-12-05,TCH,399.58,798653
2022-12-06,TCH,390.53,405221
2022-12-07,TCH,391.74,497086
2022-12-08,TCH,390.85,671384
2022-12-09,TCH,395.58,358300
2022-12-12,TCH,397.14,594724
2022-12-13,TCH,386.76,473980
2022-12-14,TCH,384.71,746388
2022-12-15,TCH,381.87,353277
2022-12-16,TCH,382.12,342936
2022-12-19,TCH,384.61,496713
2022-12-20,TCH,389.95,299827
2022-12-21,TCH,394.24,729656
2022-12-22,TCH,377.77,395252
2022-12-23,TCH,381.7,881955
2022-12-26,TCH,391.48,297126
2022-12-27,TCH,392.94,671910
2022-12-28,TCH,388.95,400526
2022-12-29,TCH,383.2,347979
2022-12-30,TCH,389.67,528482
2023-01-02,TCH,392.35,467985
2023-01-03,TCH,388.66,553836
2023-01-04,TCH,390.11,333974
2023-01-05,TCH,387.59,238075
2023-01-06,TCH,384.83,573792
2023-01-09,TCH,385.35,338366
2023-01-10,TCH,386.92,451695
2023-01-11,TCH,382.02,565771
2023-01-12,TCH,379.86,470968
2023-01-13,TCH,392.03,408592
2023-01-16,TCH,385.85,354093
2023-01-17,TCH,387.6,685162
2023-01-18,TCH,392.02,601598
2023-01-19,TCH,388.15,701396
2023-01-20,TCH,384.69,283612
2023-01-23,TCH,380.05,341182
2023-01-24,TCH,373.52,379224
2023-01-25,TCH,383.56,507680
2023-01-26,TCH,380.78,866006
2023-01-27,TCH,380.95,452605
2023-01-30,TCH,375.06,372597
2023-01-31,TCH,377.86,488824
2023-02-01,TCH,374.18,256342
2023-02-02,TCH,379.44,190059
2023-02-03,TCH,373.51,275389
2023-02-06,TCH,384.74,374509
2023-02-07,TCH,380.95,525097
2023-02-08,TCH,383.37,691335
2023-02-09,TCH,386.0,751860
2023-02-10,TCH,392.36,634392
2023-02-13,TCH,382.49,262203
2023-02-14,TCH,376.39,405578
2023-02-15,TCH,374.12,779777
2023-02-16,TCH,381.97,252361
2023-02-17,TCH,380.86,444002
2023-02-20,TCH,392.86,446507
2023-02-21,TCH,407.8,608570
2023-02-22,TCH,407.79,143512
2023-02-23,TCH,424.0,563539
2023-02-24,TCH,421.58,271869
2023-02-27,TCH,423.68,625974
2023-02-28,TCH,426.68,267239
2023-03-01,TCH,437.75,462392
2023-03-02,TCH,446.68,201741
2023-03-03,TCH,446.58,292557
2023-03-06,TCH,442.21,534747
2023-03-07,TCH,445.61,337079
2023-03-08,TCH,451.03,561818
2023-03-09,TCH,461.61,499228
2023-03-10,TCH,475.74,414858
2023-03-13,TCH,473.8,185908
2023-03-14,TCH,469.54,470905
2023-03-15,TCH,473.93,585260
2023-03-16,TCH,463.38,540960
2023-03-17,TCH,476.91,314268
2023-03-20,TCH,470.27,484417
2023-03-21,TCH,471.55,407524
2023-03-22,TCH,460.57,466719
2023-03-23,TCH,455.03,716147
2023-03-24,TCH,460.58,492788
2023-03-27,TCH,452.98,357424
2023-03-28,TCH,450.1,545237
2023-03-29,TCH,464.31,457454
2023-03-30,TCH,468.61,656733
2023-03-31,TCH,465.8,282650
2023-04-03,TCH,454.69,275527
2023-04-04,TCH,465.26,400027
2023-04-05,TCH,480.01,220244
2023-04-06,TCH,461.48,371999
2023-04-07,TCH,450.3,475379
2023-04-10,TCH,457.56,682556
2023-04-11,TCH,452.3,379884
2023-04-12,TCH,460.45,621921
2023-04-13,TCH,456.17,479797
2023-04-14,TCH,467.73,417038
2023-04-17,TCH,456.61,297001
2023-04-18,TCH,454.68,347824
2023-04-19,TCH,452.72,354082
2023-04-20,TCH,458.67,387834
2023-04-21,TCH,459.02,354932
2023-04-24,TCH,457.11,616726
2023-04-25,TCH,454.36,415265
2023-04-26,TCH,439.08,844371
2023-04-27,TCH,435.85,306077
2023-04-28,TCH,429.86,604299
2023-05-01,TCH,433.9,278574
2023-05-02,TCH,429.16,397367
2023-05-03,TCH,434.92,398820
2023-05-04,TCH,431.39,403523
2023-05-05,TCH,430.29,673629
2023-05-08,TCH,430.46,456139
2023-05-09,TCH,425.69,856101
2023-05-10,TCH,426.73,725056
2023-05-11,TCH,415.45,424855
2023-05-12,TCH,419.15,651152
2023-05-15,TCH,420.56,271924
2023-05-16,TCH,424.56,425915
2023-05-17,TCH,433.83,411132
2023-05-18,TCH,449.57,519764
2023-05-19,TCH,447.48,557060
2023-05-22,TCH,441.71,313190
2023-05-23,TCH,438.62,512908
2023-05-24,TCH,450.82,718246
2023-05-25,TCH,443.14,577551
2023-05-26,TCH,464.29,508311
2023-05-29,TCH,465.65,616561
2023-05-30,TCH,468.91,179911
2023-05-31,TCH,482.53,215091
2023-06-01,TCH,479.77,822057
2023-06-02,TCH,483.52,555529
2023-06-05,TCH,494.7,489854
2023-06-06,TCH,486.49,459997
2023-06-07,TCH,472.73,431734
2023-06-08,TCH,474.86,515975
2023-06-09,TCH,465.22,487652
2023-06-12,TCH,469.08,377374
2023-06-13,TCH,467.87,479878
2023-06-14,TCH,476.78,476115
2023-06-15,TCH,485.01,349214
2023-06-16,TCH,471.65,666613
2023-06-19,TCH,468.56,348677
2023-06-20,TCH,459.01,333814
2023-06-21,TCH,462.63,370816
2023-06-22,TCH,453.18,254865
2023-06-23,TCH,462.14,417458
2023-06-26,TCH,449.17,375407
2023-06-27,TCH,448.61,554186
2023-06-28,TCH,442.65,423180
2023-06-29,TCH,439.39,236530
2023-06-30,TCH,435.62,371491
2023-07-03,TCH,435.99,258538
2023-07-04,TCH,427.69,641016
2023-07-05,TCH,424.31,653415
2023-07-06,TCH,437.99,508325
2023-07-07,TCH,438.73,575022
2023-07-10,TCH,451.84,456279
2023-07-11,TCH,451.43,488275
2023-07-12,TCH,447.45,348722
2023-07-13,TCH,438.43,384752
2023-07-14,TCH,442.65,584248
2023-07-17,TCH,455.4,314282
2023-07-18,TCH,464.69,465798
2023-07-19,TCH,470.52,349823
2023-07-20,TCH,482.18,344175
2023-07-21,TCH,489.08,665698
2023-07-24,TCH,497.9,537003
2023-07-25,TCH,505.77,487733
2023-07-26,TCH,514.39,305896
2023-07-27,TCH,505.15,442672
2023-07-28,TCH,500.45,393313
2023-07-31,TCH,517.56,279788
2023-08-01,TCH,512.35,539207
2023-08-02,TCH,503.01,524285
2023-08-03,TCH,508.34,209148
2023-08-04,TCH,507.11,411393
2023-08-07,TCH,521.75,823720
2023-08-08,TCH,509.22,481226
2023-08-09,TCH,498.85,822461
2023-08-10,TCH,517.09,503523
2023-08-11,TCH,509.13,541040
2023-08-14,TCH,504.09,410090
2023-08-15,TCH,501.71,320661
2023-08-16,TCH,482.08,313039
2023-08-17,TCH,486.85,658409
2023-08-18,TCH,475.47,406367
2023-08-21,TCH,480.93,366465
2023-08-22,TCH,468.15,869526
2023-08-23,TCH,474.52,954121
2023-08-24,TCH,473.02,476948
2023-08-25,TCH,471.89,238036
2023-08-28,TCH,477.45,425249
2023-08-29,TCH,485.46,304637
2023-08-30,TCH,486.54,284790
2023-08-31,TCH,486.72,729247
2023-09-01,TCH,482.61,280748
2023-09-04,TCH,486.37,343985
2023-09-05,TCH,499.1,411867
2023-09-06,TCH,504.16,290490
2023-09-07,TCH,494.29,355912
2023-09-08,TCH,494.73,294812
2023-09-11,TCH,489.27,277403
2023-09-12,TCH,479.94,422301
2023-09-13,TCH,477.85,434926
2023-09-14,TCH,481.61,266058
2023-09-15,TCH,487.65,272615
2023-09-18,TCH,492.24,274221
2023-09-19,TCH,486.41,272916
2023-09-20,TCH,478.76,419519
2023-09-21,TCH,468.08,486909
2023-09-22,TCH,467.3,369231
2023-09-25,TCH,472.34,708519
2023-09-26,TCH,476.59,729933
2023-09-27,TCH,468.92,223481
2023-09-28,TCH,483.2,458210
2023-09-29,TCH,485.48,224562
2023-10-02,TCH,492.36,458227
2023-10-03,TCH,497.44,645346
2023-10-04,TCH,485.26,502283
2023-10-05,TCH,492.0,319815
2023-10-06,TCH,505.55,678395
2023-10-09,TCH,497.1,328002
2023-10-10,TCH,489.03,478407
2023-10-11,TCH,493.06,307257
2023-10-12,TCH,494.07,495618
2023-10-13,TCH,498.98,393793
2023-10-16,TCH,490.12,223317
2023-10-17,TCH,496.6,377711
2023-10-18,TCH,483.11,577137
2023-10-19,TCH,480.56,706669
2023-10-20,TCH,483.57,378592
2023-10-23,TCH,477.66,665208
2023-10-24,TCH,478.56,357990
2023-10-25,TCH,488.12,1006237
2023-10-26,TCH,481.44,333015
2023-10-27,TCH,478.48,452535
2023-10-30,TCH,459.25,273235
2023-10-31,TCH,460.9,405579
2023-11-01,TCH,472.1,560967
2023-11-02,TCH,463.75,1363467
2023-11-03,TCH,460.02,337958
2023-11-06,TCH,468.85,185701
2023-11-07,TCH,481.5,704906
2023-11-08,TCH,481.27,451085
2023-11-09,TCH,473.67,755530
2023-11-10,TCH,470.24,282189
2023-11-13,TCH,475.1,988661
2023-11-14,TCH,469.7,348657
2023-11-15,TCH,465.92,409130
2023-11-16,TCH,460.13,461128
2023-11-17,TCH,468.23,281466
2023-11-20,TCH,469.79,384812
2023-11-21,TCH,465.42,223652
2023-11-22,TCH,466.5,567012
2023-11-23,TCH,470.66,368849
2023-11-24,TCH,457.41,152620
2023-11-27,TCH,461.26,379640
2023-11-28,TCH,472.28,496361
2023-11-29,TCH,466.3,501921
2023-11-30,TCH,460.44,878458
2023-12-01,TCH,469.93,475956
2023-12-04,TCH,454.57,400410
2023-12-05,TCH,473.73,419063
2023-12-06,TCH,465.08,850247
2023-12-07,TCH,461.39,304458
2023-12-08,TCH,453.85,371926
2023-12-11,TCH,444.51,593341
2023-12-12,TCH,447.64,480319
2023-12-13,TCH,451.92,285990
2023-12-14,TCH,446.61,487383
2023-12-15,TCH,435.48,899831
2023-12-18,TCH,432.04,427602
2023-12-19,TCH,435.96,372347
2023-12-20,TCH,436.07,441573
2023-12-21,TCH,438.33,409033
2023-12-22,TCH,435.96,1064466
2023-12-25,TCH,418.75,628565
2023-12-26,TCH,407.01,191329
2023-12-27,TCH,415.14,751025
2023-12-28,TCH,417.15,366208
2023-12-29,TCH,409.43,486729
2024-01-01,TCH,408.95,650511
2024-01-02,TCH,422.56,794648
2024-01-03,TCH,418.31,522340
2024-01-04,TCH,418.62,449629
2024-01-05,TCH,423.62,380784
2024-01-08,TCH,419.04,444580
2024-01-09,TCH,439.12,924745
2024-01-10,TCH,438.21,247266
2024-01-11,TCH,447.82,412965
2024-01-12,TCH,454.38,595739
2024-01-15,TCH,461.25,1052815
2024-01-16,TCH,467.2,950089
2024-01-17,TCH,454.42,507381
2024-01-18,TCH,443.62,610236
2024-01-19,TCH,456.58,662761
2024-01-22,TCH,449.06,398359
2024-01-23,TCH,464.58,632945
2024-01-24,TCH,453.42,369071
2024-01-25,TCH,450.59,268601
2024-01-26,TCH,452.34,588991
2024-01-29,TCH,449.68,450140
2024-01-30,TCH,456.31,655298
2024-01-31,TCH,473.09,517893
2024-02-01,TCH,467.16,330990
2024-02-02,TCH,459.35,777761
2024-02-05,TCH,463.1,600491
2024-02-06,TCH,467.41,623073
2024-02-07,TCH,459.46,292221
2024-02-08,TCH,474.14,347485
2024-02-09,TCH,467.63,372778
2024-02-12,TCH,474.09,453227
2024-02-13,TCH,474.73,1052239
2024-02-14,TCH,484.08,265837
2024-02-15,TCH,475.8,467227
2024-02-16,TCH,481.43,307763
2024-02-19,TCH,464.68,317863
2024-02-20,TCH,463.95,397115
2024-02-21,TCH,458.97,545480
2024-02-22,TCH,462.83,169296
2024-02-23,TCH,478.92,248378
2024-02-26,TCH,472.33,362549
2024-02-27,TCH,474.97,408434
2024-02-28,TCH,471.11,307328
2024-02-29,TCH,483.52,386154
2024-03-01,TCH,487.26,380818
2024-03-04,TCH,484.18,558073
2024-03-05,TCH,491.49,497872
2024-03-06,TCH,482.47,432981
2024-03-07,TCH,485.08,717220
2024-03-08,TCH,483.63,627229
2024-03-11,TCH,490.05,400633
2024-03-12,TCH,473.57,262912
2024-03-13,TCH,467.34,410777
2024-03-14,TCH,465.26,249340
2024-03-15,TCH,452.72,561455
2024-03-18,TCH,438.7,964422
2024-03-19,TCH,448.1,521535
2024-03-20,TCH,447.03,639684
2024-03-21,TCH,458.49,304197
2024-03-22,TCH,458.6,477582
2024-03-25,TCH,468.76,414908
2024-03-26,TCH,459.69,313433
2024-03-27,TCH,465.61,416948
2024-03-28,TCH,454.03,281095
2024-03-29,TCH,457.77,628718
2024-04-01,TCH,477.16,366986
2024-04-02,TCH,474.54,314920
2024-04-03,TCH,477.55,479360
2024-04-04,TCH,475.57,589250
2024-04-05,TCH,479.11,664548
2024-04-08,TCH,478.87,335319
2024-04-09,TCH,500.22,444173
2024-04-10,TCH,503.88,677539
2024-04-11,TCH,496.3,292450
2024-04-12,TCH,491.09,457334
2024-04-15,TCH,503.78,456534
2024-04-16,TCH,501.42,298641
2024-04-17,TCH,513.24,695201
2024-04-18,TCH,522.63,393135
2024-04-19,TCH,519.66,745846
2024-04-22,TCH,514.39,290337
2024-04-23,TCH,519.65,166659
2024-04-24,TCH,510.11,354627
2024-04-25,TCH,521.44,524127
2024-04-26,TCH,516.07,362467
2024-04-29,TCH,515.06,461029
2024-04-30,TCH,518.73,437836
2024-05-01,TCH,522.9,309579
2024-05-02,TCH,514.1,1356288
2024-05-03,TCH,496.48,423978
2024-05-06,TCH,491.36,342013
2024-05-07,TCH,494.4,1285386
2024-05-08,TCH,503.4,306871
2024-05-09,TCH,490.92,466374
2024-05-10,TCH,490.61,354163
2024-05-13,TCH,476.39,274135
2024-05-14,TCH,456.61,649842
2024-05-15,TCH,475.31,451775
2024-05-16,TCH,471.33,270395
2024-05-17,TCH,473.01,996049
2024-05-20,TCH,479.94,454077
2024-05-21,TCH,495.92,759979
2024-05-22,TCH,494.27,783887
2024-05-23,TCH,488.15,242158
2024-05-24,TCH,483.16,607890
2024-05-27,TCH,481.22,690602
2024-05-28,TCH,481.4,479124
2024-05-29,TCH,481.7,688910
2024-05-30,TCH,476.67,375140
2024-05-31,TCH,467.58,860962
2024-06-03,TCH,481.98,370991
2024-06-04,TCH,481.93,856484
2024-06-05,TCH,474.56,548327
2024-06-06,TCH,458.5,535004
2024-06-07,TCH,460.46,270500
2024-06-10,TCH,458.57,829839
2024-06-11,TCH,451.53,315787
2024-06-12,TCH,458.11,911631
2024-06-13,TCH,448.36,527705
2024-06-14,TCH,449.38,543735
2024-06-17,TCH,453.62,371103
2024-06-18,TCH,445.08,389048
2024-06-19,TCH,446.22,232162
2024-06-20,TCH,444.28,635822
2024-06-21,TCH,449.19,531463
2024-06-24,TCH,455.42,872584
2024-06-25,TCH,435.75,408828
2024-06-26,TCH,439.45,1042960
2024-06-27,TCH,443.2,302932
2024-06-28,TCH,457.84,514913
2024-07-01,TCH,463.93,605398
2024-07-02,TCH,465.78,562630
2024-07-03,TCH,462.71,392577
2024-07-04,TCH,453.42,265085
2024-07-05,TCH,456.89,463340
2024-07-08,TCH,452.14,368772
2024-07-09,TCH,446.61,980310
2024-07-10,TCH,445.51,569683
2024-07-11,TCH,448.69,482671
2024-07-12,TCH,457.35,820442
2024-07-15,TCH,459.39,623513
2024-07-16,TCH,461.9,213632
2024-07-17,TCH,459.05,684772
2024-07-18,TCH,455.52,551259
2024-07-19,TCH,453.61,540526
2024-07-22,TCH,455.49,455374
2024-07-23,TCH,445.97,372591
2024-07-24,TCH,438.46,300106
2024-07-25,TCH,446.43,634684
2024-07-26,TCH,447.23,376274
2024-07-29,TCH,425.76,347024
2024-07-30,TCH,429.78,1557891
2024-07-31,TCH,430.44,377026
2024-08-01,TCH,432.18,351772
2024-08-02,TCH,432.26,582331
2024-08-05,TCH,445.84,399655
2024-08-06,TCH,445.89,818116
2024-08-07,TCH,427.84,559218
2024-08-08,TCH,439.1,480480
2024-08-09,TCH,447.59,617611
2024-08-12,TCH,442.47,532139
2024-08-13,TCH,438.55,331626
2024-08-14,TCH,446.39,520633
2024-08-15,TCH,468.86,280034
2024-08-16,TCH,473.74,273292
2024-08-19,TCH,467.92,351410
2024-08-20,TCH,473.71,407213
2024-08-21,TCH,468.0,466515
2024-08-22,TCH,461.75,147285
2024-08-23,TCH,460.53,375557
2024-08-26,TCH,467.45,240956
2024-08-27,TCH,476.39,564757
2024-08-28,TCH,465.16,370525
2024-08-29,TCH,460.03,405930
2024-08-30,TCH,446.62,290368
2024-09-02,TCH,455.54,562188
2024-09-03,TCH,458.88,248923
2024-09-04,TCH,462.31,391022
2024-09-05,TCH,462.64,357892
2024-09-06,TCH,465.09,880595
2024-09-09,TCH,467.76,206313
2024-09-10,TCH,470.93,828580
2024-09-11,TCH,464.15,389206
2024-09-12,TCH,471.9,404215
2024-09-13,TCH,482.69,725408
2024-09-16,TCH,485.14,637835
2024-09-17,TCH,483.46,480992
2024-09-18,TCH,500.6,557607
2024-09-19,TCH,507.6,219153
2024-09-20,TCH,493.32,284287
2024-09-23,TCH,499.49,550112
2024-09-24,TCH,510.18,292901
2024-09-25,TCH,508.96,452138
2024-09-26,TCH,497.58,381287
2024-09-27,TCH,509.13,262039
2024-09-30,TCH,512.25,680529
2024-10-01,TCH,524.1,596530
2024-10-02,TCH,526.56,419930
2024-10-03,TCH,511.08,862147
2024-10-04,TCH,518.25,244312
2024-10-07,TCH,525.09,313155
2024-10-08,TCH,516.43,330770
2024-10-09,TCH,540.87,396116
2024-10-10,TCH,532.36,414509
2024-10-11,TCH,525.8,631928
2024-10-14,TCH,541.23,1099867
2024-10-15,TCH,528.71,571592
2024-10-16,TCH,528.16,453915
2024-10-17,TCH,522.02,808404
2024-10-18,TCH,522.2,480712
2024-10-21,TCH,513.23,458202
2024-10-22,TCH,532.45,508665
2024-10-23,TCH,524.26,511657
2024-10-24,TCH,531.65,649271
2024-10-25,TCH,518.36,191131
2024-10-28,TCH,517.05,553811
2024-10-29,TCH,529.95,485900
2024-10-30,TCH,531.74,410642
2024-10-31,TCH,544.97,654359
2024-11-01,TCH,543.46,615507
2021-01-04,NEX,79.0,316789
2021-01-05,NEX,79.2,433005
2021-01-06,NEX,80.42,480483
2021-01-07,NEX,80.2,591378
2021-01-08,NEX,78.6,742916
2021-01-11,NEX,78.92,479204
2021-01-12,NEX,81.78,279626
2021-01-13,NEX,81.43,331863
2021-01-14,NEX,82.55,315606
2021-01-15,NEX,87.51,634365
2021-01-18,NEX,83.11,188483
2021-01-19,NEX,84.9,423447
2021-01-20,NEX,83.34,422109
2021-01-21,NEX,82.11,654664
2021-01-22,NEX,81.6,383204
2021-01-25,NEX,80.2,358732
2021-01-26,NEX,81.44,587843
2021-01-27,NEX,79.1,515099
2021-01-28,NEX,80.69,770076
2021-01-29,NEX,82.85,395353
2021-02-01,NEX,79.76,360217
2021-02-02,NEX,76.99,335428
2021-02-03,NEX,76.03,550998
2021-02-04,NEX,78.05,794269
2021-02-05,NEX,76.73,220454
2021-02-08,NEX,77.12,536193
2021-02-09,NEX,74.47,421110
2021-02-10,NEX,73.05,450459
2021-02-11,NEX,71.26,745491
2021-02-12,NEX,69.94,644021
2021-02-15,NEX,69.79,672883
2021-02-16,NEX,70.11,519935
2021-02-17,NEX,70.67,490213
2021-02-18,NEX,68.65,575022
2021-02-19,NEX,71.03,1200046
2021-02-22,NEX,70.58,461041
2021-02-23,NEX,72.65,493487
2021-02-24,NEX,74.06,338441
2021-02-25,NEX,75.21,222704
2021-02-26,NEX,77.8,723538
2021-03-01,NEX,76.46,406346
2021-03-02,NEX,77.52,571341
2021-03-03,NEX,72.99,500030
2021-03-04,NEX,73.54,792433
2021-03-05,NEX,74.45,391112
2021-03-08,NEX,73.09,255971
2021-03-09,NEX,73.34,758496
2021-03-10,NEX,70.35,496076
2021-03-11,NEX,68.55,464378
2021-03-12,NEX,68.55,188134
2021-03-15,NEX,66.51,557906
2021-03-16,NEX,69.77,217985
2021-03-17,NEX,70.74,631318
2021-03-18,NEX,70.62,389547
2021-03-19,NEX,71.05,543980
2021-03-22,NEX,71.78,444929
2021-03-23,NEX,69.85,386070
2021-03-24,NEX,70.74,322704
2021-03-25,NEX,71.46,194072
2021-03-26,NEX,70.48,406949
2021-03-29,NEX,71.34,491072
2021-03-30,NEX,70.95,517728
2021-03-31,NEX,71.87,604174
2021-04-01,NEX,74.03,517259
2021-04-02,NEX,74.02,972418
2021-04-05,NEX,77.46,359737
2021-04-06,NEX,76.72,894101
2021-04-07,NEX,74.85,474958
2021-04-08,NEX,75.3,569432
2021-04-09,NEX,73.49,649542
2021-04-12,NEX,74.29,113771
2021-04-13,NEX,72.3,860870
2021-04-14,NEX,73.59,545643
2021-04-15,NEX,73.22,332388
2021-04-16,NEX,76.45,366772
2021-04-19,NEX,79.45,614822
2021-04-20,NEX,81.58,385499
2021-04-21,NEX,79.69,338769
2021-04-22,NEX,78.16,408782
2021-04-23,NEX,78.43,308065
2021-04-26,NEX,79.59,267410
2021-04-27,NEX,79.62,430651
2021-04-28,NEX,79.28,153323
2021-04-29,NEX,80.4,525848
2021-04-30,NEX,83.28,288098
2021-05-03,NEX,87.11,988328
2021-05-04,NEX,90.9,546960
2021-05-05,NEX,87.17,623345
2021-05-06,NEX,81.16,241771
2021-05-07,NEX,82.48,653362
2021-05-10,NEX,84.64,222088
2021-05-11,NEX,86.74,386551
2021-05-12,NEX,88.83,225635
2021-05-13,NEX,91.17,399297
2021-05-14,NEX,91.26,500977
2021-05-17,NEX,92.18,394194
2021-05-18,NEX,93.78,324251
2021-05-19,NEX,95.53,578570
2021-05-20,NEX,94.96,439901
2021-05-21,NEX,92.71,416772
2021-05-24,NEX,89.41,499612
2021-05-25,NEX,88.62,281807
2021-05-26,NEX,86.09,619571
2021-05-27,NEX,86.08,622243
2021-05-28,NEX,87.86,376691
2021-05-31,NEX,88.6,496154
2021-06-01,NEX,88.55,472897
2021-06-02,NEX,89.79,676754
2021-06-03,NEX,87.8,1220774
2021-06-04,NEX,89.56,767841
2021-06-07,NEX,90.13,273680
2021-06-08,NEX,88.95,626779
2021-06-09,NEX,90.79,1334432
2021-06-10,NEX,84.37,296685
2021-06-11,NEX,84.47,785791
2021-06-14,NEX,83.65,579355
2021-06-15,NEX,82.23,483364
2021-06-16,NEX,81.26,494474
2021-06-17,NEX,82.34,385644
2021-06-18,NEX,81.69,244485
2021-06-21,NEX,84.23,663284
2021-06-22,NEX,81.61,222946
2021-06-23,NEX,81.93,407093
2021-06-24,NEX,79.97,447393
2021-06-25,NEX,82.83,386695
2021-06-28,NEX,84.03,480638
2021-06-29,NEX,82.0,960336
2021-06-30,NEX,83.35,484745
2021-07-01,NEX,85.89,495394
2021-07-02,NEX,85.57,660654
2021-07-05,NEX,85.57,543659
2021-07-06,NEX,86.36,466127
2021-07-07,NEX,86.37,387716
2021-07-08,NEX,88.97,462392
2021-07-09,NEX,89.55,552126
2021-07-12,NEX,90.58,551080
2021-07-13,NEX,91.99,300374
2021-07-14,NEX,92.75,251883
2021-07-15,NEX,92.99,546516
2021-07-16,NEX,92.33,322566
2021-07-19,NEX,93.15,461689
2021-07-20,NEX,94.11,402052
2021-07-21,NEX,95.09,365686
2021-07-22,NEX,91.26,550553
2021-07-23,NEX,92.52,459195
2021-07-26,NEX,93.33,723973
2021-07-27,NEX,94.88,606621
2021-07-28,NEX,92.11,311187
2021-07-29,NEX,91.99,372210
2021-07-30,NEX,92.89,400585
2021-08-02,NEX,93.32,341744
2021-08-03,NEX,95.01,707453
2021-08-04,NEX,94.91,364736
2021-08-05,NEX,91.71,439293
2021-08-06,NEX,86.06,514976
2021-08-09,NEX,84.03,281132
2021-08-10,NEX,82.23,446756
2021-08-11,NEX,84.41,847031
2021-08-12,NEX,86.79,453579
2021-08-13,NEX,88.82,388512
2021-08-16,NEX,88.72,614409
2021-08-17,NEX,85.4,608238
2021-08-18,NEX,84.43,174912
2021-08-19,NEX,88.01,418560
2021-08-20,NEX,85.98,514402
2021-08-23,NEX,87.17,620758
2021-08-24,NEX,87.17,705340
2021-08-25,NEX,86.49,397811
2021-08-26,NEX,86.09,448561
2021-08-27,NEX,88.07,339237
2021-08-30,NEX,84.74,720469
2021-08-31,NEX,85.19,187966
2021-09-01,NEX,81.04,252134
2021-09-02,NEX,80.51,835336
2021-09-03,NEX,81.75,433832
2021-09-06,NEX,83.24,370885
2021-09-07,NEX,84.09,660622
2021-09-08,NEX,83.75,225041
2021-09-09,NEX,84.91,485072
2021-09-10,NEX,88.67,590997
2021-09-13,NEX,89.83,454738
2021-09-14,NEX,85.04,114653
2021-09-15,NEX,85.79,379905
2021-09-16,NEX,88.12,298385
2021-09-17,NEX,88.53,914583
2021-09-20,NEX,87.06,684467
2021-09-21,NEX,89.75,394072
2021-09-22,NEX,89.54,214974
2021-09-23,NEX,86.93,442167
2021-09-24,NEX,86.95,276078
2021-09-27,NEX,88.91,542216
2021-09-28,NEX,89.0,501992
2021-09-29,NEX,87.7,378859
2021-09-30,NEX,89.03,511176
2021-10-01,NEX,90.49,1240312
2021-10-04,NEX,88.5,228564
2021-10-05,NEX,87.79,279149
2021-10-06,NEX,86.15,490605
2021-10-07,NEX,86.58,316957
2021-10-08,NEX,90.18,517453
2021-10-11,NEX,93.41,263245
2021-10-12,NEX,93.57,452280
2021-10-13,NEX,90.15,438939
2021-10-14,NEX,90.28,573234
2021-10-15,NEX,89.82,408499
2021-10-18,NEX,87.74,663121
2021-10-19,NEX,89.87,296464
2021-10-20,NEX,91.98,504177
2021-10-21,NEX,92.13,217920
2021-10-22,NEX,91.75,178724
2021-10-25,NEX,89.73,255194
2021-10-26,NEX,90.52,1001675
2021-10-27,NEX,92.1,795611
2021-10-28,NEX,93.45,512110
2021-10-29,NEX,93.93,317023
2021-11-01,NEX,98.05,632056
2021-11-02,NEX,99.07,231328
2021-11-03,NEX,98.44,197452
2021-11-04,NEX,97.12,417401
2021-11-05,NEX,94.68,433109
2021-11-08,NEX,99.74,532831
2021-11-09,NEX,101.76,339131
2021-11-10,NEX,105.04,345774
2021-11-11,NEX,105.51,903924
2021-11-12,NEX,106.25,412870
2021-11-15,NEX,104.07,354583
2021-11-16,NEX,103.41,515189
2021-11-17,NEX,102.69,362621
2021-11-18,NEX,100.29,903868
2021-11-19,NEX,101.56,505540
2021-11-22,NEX,110.89,382432
2021-11-23,NEX,107.57,319232
2021-11-24,NEX,109.02,200194
2021-11-25,NEX,107.71,484291
2021-11-26,NEX,108.49,317753
2021-11-29,NEX,112.99,215986
2021-11-30,NEX,108.49,272627
2021-12-01,NEX,105.61,737510
2021-12-02,NEX,104.87,405118
2021-12-03,NEX,104.98,478341
2021-12-06,NEX,103.4,482112
2021-12-07,NEX,102.78,938674
2021-12-08,NEX,105.11,334824
2021-12-09,NEX,102.28,420675
2021-12-10,NEX,100.83,652589
2021-12-13,NEX,99.13,442155
2021-12-14,NEX,102.02,502580
2021-12-15,NEX,101.18,414244
2021-12-16,NEX,99.86,320817
2021-12-17,NEX,99.29,693171
2021-12-20,NEX,99.41,397903
2021-12-21,NEX,102.56,531402
2021-12-22,NEX,103.7,496076
2021-12-23,NEX,108.66,101515
2021-12-24,NEX,107.36,425382
2021-12-27,NEX,109.71,452796
2021-12-28,NEX,113.56,175415
2021-12-29,NEX,110.25,260253
2021-12-30,NEX,106.65,400127
2021-12-31,NEX,105.61,362767
2022-01-03,NEX,110.35,634909
2022-01-04,NEX,110.88,812092
2022-01-05,NEX,111.73,345961
2022-01-06,NEX,111.13,310064
2022-01-07,NEX,112.46,430864
2022-01-10,NEX,112.9,672223
2022-01-11,NEX,109.3,439969
2022-01-12,NEX,103.54,675859
2022-01-13,NEX,106.79,680170
2022-01-14,NEX,100.84,560282
2022-01-17,NEX,99.68,432382
2022-01-18,NEX,98.33,287026
2022-01-19,NEX,97.83,474715
2022-01-20,NEX,97.71,347740
2022-01-21,NEX,101.01,883919
2022-01-24,NEX,101.87,686639
2022-01-25,NEX,105.17,416789
2022-01-26,NEX,104.14,424363
2022-01-27,NEX,103.74,248566
2022-01-28,NEX,100.88,365172
2022-01-31,NEX,99.88,1006626
2022-02-01,NEX,100.99,517573
2022-02-02,NEX,96.21,423833
2022-02-03,NEX,97.01,523387
2022-02-04,NEX,94.07,395624
2022-02-07,NEX,92.47,435414
2022-02-08,NEX,94.83,439348
2022-02-09,NEX,92.6,886960
2022-02-10,NEX,90.81,181104
2022-02-11,NEX,92.52,331227
2022-02-14,NEX,92.81,176470
2022-02-15,NEX,89.26,369211
2022-02-16,NEX,88.55,422694
2022-02-17,NEX,87.73,564464
2022-02-18,NEX,87.73,277001
2022-02-21,NEX,88.02,312079
2022-02-22,NEX,86.71,575576
2022-02-23,NEX,93.31,537009
2022-02-24,NEX,92.53,391164
2022-02-25,NEX,93.45,172224
2022-02-28,NEX,89.19,435863
2022-03-01,NEX,87.9,479227
2022-03-02,NEX,87.99,462091
2022-03-03,NEX,85.38,228692
2022-03-04,NEX,84.56,278665
2022-03-07,NEX,85.02,624658
2022-03-08,NEX,82.26,825613
2022-03-09,NEX,80.97,614955
2022-03-10,NEX,81.04,361625
2022-03-11,NEX,82.34,385957
2022-03-14,NEX,83.65,296902
2022-03-15,NEX,83.68,532763
2022-03-16,NEX,83.38,713627
2022-03-17,NEX,86.25,602353
2022-03-18,NEX,89.95,568078
2022-03-21,NEX,93.84,329582
2022-03-22,NEX,94.36,392062
2022-03-23,NEX,93.84,362341
2022-03-24,NEX,94.07,611887
2022-03-25,NEX,91.67,446971
2022-03-28,NEX,90.33,652120
2022-03-29,NEX,89.72,518982
2022-03-30,NEX,90.5,313169
2022-03-31,NEX,92.22,242409
2022-04-01,NEX,95.48,971563
2022-04-04,NEX,99.4,373409
2022-04-05,NEX,98.57,462877
2022-04-06,NEX,99.0,888755
2022-04-07,NEX,102.11,541869
2022-04-08,NEX,102.58,292425
2022-04-11,NEX,99.95,452846
2022-04-12,NEX,102.43,798204
2022-04-13,NEX,101.18,509123
2022-04-14,NEX,97.89,1703693
2022-04-15,NEX,96.06,197225
2022-04-18,NEX,97.24,378775
2022-04-19,NEX,97.83,256747
2022-04-20,NEX,96.73,590638
2022-04-21,NEX,102.65,264470
2022-04-22,NEX,99.86,323278
2022-04-25,NEX,98.48,346823
2022-04-26,NEX,97.85,475197
2022-04-27,NEX,94.75,410269
2022-04-28,NEX,93.95,653311
2022-04-29,NEX,90.48,288485
2022-05-02,NEX,91.9,519222
2022-05-03,NEX,92.42,406060
2022-05-04,NEX,92.91,204157
2022-05-05,NEX,95.86,689540
2022-05-06,NEX,95.81,329503
2022-05-09,NEX,92.15,469420
2022-05-10,NEX,91.31,306239
2022-05-11,NEX,93.06,1364009
2022-05-12,NEX,91.31,845107
2022-05-13,NEX,91.65,364251
2022-05-16,NEX,89.99,493525
2022-05-17,NEX,88.22,496429
2022-05-18,NEX,88.37,252070
2022-05-19,NEX,90.65,570654
2022-05-20,NEX,89.45,449708
2022-05-23,NEX,92.3,680754
2022-05-24,NEX,92.01,415653
2022-05-25,NEX,91.01,279385
2022-05-26,NEX,89.1,325849
2022-05-27,NEX,89.3,271947
2022-05-30,NEX,89.42,469185
2022-05-31,NEX,88.6,590040
2022-06-01,NEX,86.51,250500
2022-06-02,NEX,82.1,515806
2022-06-03,NEX,81.49,591108
2022-06-06,NEX,81.47,529769
2022-06-07,NEX,84.34,256925
2022-06-08,NEX,84.42,872581
2022-06-09,NEX,86.65,508857
2022-06-10,NEX,85.38,233184
2022-06-13,NEX,83.48,351595
2022-06-14,NEX,77.49,347351
2022-06-15,NEX,76.91,402038
2022-06-16,NEX,78.88,794604
2022-06-17,NEX,74.96,488168
2022-06-20,NEX,74.8,417461
2022-06-21,NEX,76.07,830400
2022-06-22,NEX,73.93,537839
2022-06-23,NEX,74.91,1030025
2022-06-24,NEX,73.61,462246
2022-06-27,NEX,76.6,843930
2022-06-28,NEX,74.45,192812
2022-06-29,NEX,76.16,596739
2022-06-30,NEX,72.35,412468
2022-07-01,NEX,73.92,495107
2022-07-04,NEX,73.56,526134
2022-07-05,NEX,74.31,576840
2022-07-06,NEX,71.52,853739
2022-07-07,NEX,70.76,555827
2022-07-08,NEX,72.06,444711
2022-07-11,NEX,71.91,542808
2022-07-12,NEX,70.7,310520
2022-07-13,NEX,73.18,956289
2022-07-14,NEX,73.28,341743
2022-07-15,NEX,74.78,610986
2022-07-18,NEX,72.11,733650
2022-07-19,NEX,71.68,563422
2022-07-20,NEX,70.28,346540
2022-07-21,NEX,69.4,334910
2022-07-22,NEX,73.37,703785
2022-07-25,NEX,74.76,521342
2022-07-26,NEX,74.61,371971
2022-07-27,NEX,74.02,321665
2022-07-28,NEX,71.57,342029
2022-07-29,NEX,69.67,478593
2022-08-01,NEX,70.8,1165105
2022-08-02,NEX,70.45,272580
2022-08-03,NEX,69.68,174444
2022-08-04,NEX,65.79,448952
2022-08-05,NEX,65.46,345151
2022-08-08,NEX,69.75,383433
2022-08-09,NEX,70.83,281343
2022-08-10,NEX,70.06,739256
2022-08-11,NEX,70.37,365368
2022-08-12,NEX,69.28,537599
2022-08-15,NEX,72.45,828612
2022-08-16,NEX,74.1,404153
2022-08-17,NEX,74.61,318846
2022-08-18,NEX,73.45,419350
2022-08-19,NEX,74.74,425177
2022-08-22,NEX,75.56,546579
2022-08-23,NEX,76.57,443109
2022-08-24,NEX,77.64,459513
2022-08-25,NEX,77.5,367879
2022-08-26,NEX,74.54,480188
2022-08-29,NEX,74.81,504939
2022-08-30,NEX,73.92,551766
2022-08-31,NEX,71.59,227283
2022-09-01,NEX,68.62,275419
2022-09-02,NEX,68.28,251063
2022-09-05,NEX,66.26,648011
2022-09-06,NEX,63.58,278239
2022-09-07,NEX,64.98,372242
2022-09-08,NEX,66.78,439232
2022-09-09,NEX,68.06,247395
2022-09-12,NEX,70.01,361637
2022-09-13,NEX,67.93,1216277
2022-09-14,NEX,67.66,451797
2022-09-15,NEX,67.68,905108
2022-09-16,NEX,68.28,362958
2022-09-19,NEX,68.4,570593
2022-09-20,NEX,65.77,367673
2022-09-21,NEX,64.82,488661
2022-09-22,NEX,64.98,608470
2022-09-23,NEX,64.33,369251
2022-09-26,NEX,65.4,545883
2022-09-27,NEX,66.12,389206
2022-09-28,NEX,68.96,490402
2022-09-29,NEX,69.9,663702
2022-09-30,NEX,71.94,774122
2022-10-03,NEX,70.63,673103
2022-10-04,NEX,73.21,436482
2022-10-05,NEX,75.53,740686
2022-10-06,NEX,75.12,638303
2022-10-07,NEX,74.4,363719
2022-10-10,NEX,73.91,290908
2022-10-11,NEX,71.22,223944
2022-10-12,NEX,69.69,895044
2022-10-13,NEX,70.54,237778
2022-10-14,NEX,72.66,404848
2022-10-17,NEX,74.18,516890
2022-10-18,NEX,72.47,273969
2022-10-19,NEX,74.63,864013
2022-10-20,NEX,76.45,1152002
2022-10-21,NEX,76.98,467170
2022-10-24,NEX,79.39,408004
2022-10-25,NEX,84.14,331730
2022-10-26,NEX,83.76,516070
2022-10-27,NEX,83.05,191540
2022-10-28,NEX,82.0,456624
2022-10-31,NEX,81.28,592592
2022-11-01,NEX,82.99,346283
2022-11-02,NEX,80.1,488623
2022-11-03,NEX,77.29,539567
2022-11-04,NEX,78.09,505899
2022-11-07,NEX,77.81,375673
2022-11-08,NEX,79.89,579436
2022-11-09,NEX,77.33,317528
2022-11-10,NEX,76.53,294109
2022-11-11,NEX,76.16,339453
2022-11-14,NEX,77.52,491153
2022-11-15,NEX,77.29,214631
2022-11-16,NEX,75.75,276663
2022-11-17,NEX,76.53,282798
2022-11-18,NEX,76.57,468544
2022-11-21,NEX,75.66,318450
2022-11-22,NEX,73.43,284144
2022-11-23,NEX,75.13,262268
2022-11-24,NEX,74.58,301655
2022-11-25,NEX,74.6,351508
2022-11-28,NEX,75.66,275663
2022-11-29,NEX,73.94,474781
2022-11-30,NEX,75.1,410294
2022-12-01,NEX,76.46,711546
2022-12-02,NEX,75.19,871867
2022-12-05,NEX,74.42,412493
2022-12-06,NEX,72.97,536299
2022-12-07,NEX,72.49,569443
2022-12-08,NEX,73.5,458847
2022-12-09,NEX,71.25,325666
2022-12-12,NEX,71.28,509953
2022-12-13,NEX,71.71,265474
2022-12-14,NEX,72.57,516604
2022-12-15,NEX,70.47,416208
2022-12-16,NEX,69.53,474099
2022-12-19,NEX,69.42,460806
2022-12-20,NEX,68.12,766955
2022-12-21,NEX,65.59,326580
2022-12-22,NEX,67.46,617096
2022-12-23,NEX,66.94,457502
2022-12-26,NEX,66.53,788358
2022-12-27,NEX,66.6,262750
2022-12-28,NEX,68.67,423729
2022-12-29,NEX,70.2,510091
2022-12-30,NEX,70.77,439728
2023-01-02,NEX,67.79,238347
2023-01-03,NEX,70.65,341407
2023-01-04,NEX,70.67,315891
2023-01-05,NEX,67.39,925818
2023-01-06,NEX,68.88,461035
2023-01-09,NEX,67.27,294283
2023-01-10,NEX,66.12,597379
2023-01-11,NEX,64.84,374015
2023-01-12,NEX,61.03,741979
2023-01-13,NEX,60.5,321073
2023-01-16,NEX,61.95,288804
2023-01-17,NEX,61.91,356271
2023-01-18,NEX,61.13,539419
2023-01-19,NEX,60.19,538816
2023-01-20,NEX,59.63,759598
2023-01-23,NEX,57.91,978325
2023-01-24,NEX,58.53,567269
2023-01-25,NEX,59.71,336150
2023-01-26,NEX,61.0,637004
2023-01-27,NEX,62.03,454018
2023-01-30,NEX,62.76,448046
2023-01-31,NEX,62.31,425870
2023-02-01,NEX,63.17,294914
2023-02-02,NEX,63.64,320147
2023-02-03,NEX,61.3,272162
2023-02-06,NEX,60.52,218304
2023-02-07,NEX,61.15,486868
2023-02-08,NEX,61.6,796356
2023-02-09,NEX,60.69,520886
2023-02-10,NEX,60.3,578920
2023-02-13,NEX,59.81,996515
2023-02-14,NEX,59.88,292642
2023-02-15,NEX,61.34,830480
2023-02-16,NEX,63.88,725580
2023-02-17,NEX,64.53,442117
2023-02-20,NEX,61.28,282824
2023-02-21,NEX,59.84,539555
2023-02-22,NEX,59.76,1175951
2023-02-23,NEX,61.65,656573
2023-02-24,NEX,63.85,320509
2023-02-27,NEX,65.82,591280
2023-02-28,NEX,64.98,400562
2023-03-01,NEX,64.62,564164
2023-03-02,NEX,66.19,296564
2023-03-03,NEX,62.63,552740
2023-03-06,NEX,61.69,365506
2023-03-07,NEX,64.04,199097
2023-03-08,NEX,64.67,447131
2023-03-09,NEX,64.54,324603
2023-03-10,NEX,64.94,280889
2023-03-13,NEX,68.25,246222
2023-03-14,NEX,68.93,351654
2023-03-15,NEX,70.56,378403
2023-03-16,NEX,72.46,471231
2023-03-17,NEX,77.4,338734
2023-03-20,NEX,77.41,310779
2023-03-21,NEX,78.29,361095
2023-03-22,NEX,79.71,449273
2023-03-23,NEX,77.94,420504
2023-03-24,NEX,81.4,455964
2023-03-27,NEX,80.91,289819
2023-03-28,NEX,79.22,257333
2023-03-29,NEX,79.75,546494
2023-03-30,NEX,77.32,504900
2023-03-31,NEX,76.69,199847
2023-04-03,NEX,77.46,463494
2023-04-04,NEX,74.43,400363
2023-04-05,NEX,74.83,262173
2023-04-06,NEX,72.76,869623
2023-04-07,NEX,73.04,222919
2023-04-10,NEX,73.41,624249
2023-04-11,NEX,73.38,296724
2023-04-12,NEX,73.33,270933
2023-04-13,NEX,75.53,446791
2023-04-14,NEX,72.07,285057
2023-04-17,NEX,71.86,708285
2023-04-18,NEX,72.87,679245
2023-04-19,NEX,76.1,375239
2023-04-20,NEX,75.09,480211
2023-04-21,NEX,75.13,574682
2023-04-24,NEX,77.8,274148
2023-04-25,NEX,77.47,763155
2023-04-26,NEX,79.54,335690
2023-04-27,NEX,81.23,414992
2023-04-28,NEX,83.96,399470
2023-05-01,NEX,82.8,339162
2023-05-02,NEX,81.77,344548
2023-05-03,NEX,78.45,505154
2023-05-04,NEX,77.43,534076
2023-05-05,NEX,78.0,274339
2023-05-08,NEX,80.29,413457
2023-05-09,NEX,80.82,289907
2023-05-10,NEX,81.84,289306
2023-05-11,NEX,79.94,848314
2023-05-12,NEX,76.17,391549
2023-05-15,NEX,78.57,265919
2023-05-16,NEX,79.9,509326
2023-05-17,NEX,81.66,362328
2023-05-18,NEX,78.69,445572
2023-05-19,NEX,77.4,288437
2023-05-22,NEX,75.72,431291
2023-05-23,NEX,75.08,608589
2023-05-24,NEX,76.3,616338
2023-05-25,NEX,77.99,715485
2023-05-26,NEX,79.16,377923
2023-05-29,NEX,77.93,337035
2023-05-30,NEX,77.83,433750
2023-05-31,NEX,78.67,417111
2023-06-01,NEX,76.33,385925
2023-06-02,NEX,75.57,287907
2023-06-05,NEX,75.4,953695
2023-06-06,NEX,75.91,482030
2023-06-07,NEX,76.64,219548
2023-06-08,NEX,73.76,435655
2023-06-09,NEX,71.53,626307
2023-06-12,NEX,69.47,1202327
2023-06-13,NEX,70.72,467250
2023-06-14,NEX,69.18,606125
2023-06-15,NEX,68.15,519103
2023-06-16,NEX,65.41,347006
2023-06-19,NEX,66.52,509030
2023-06-20,NEX,66.45,404739
2023-06-21,NEX,69.54,323894
2023-06-22,NEX,64.92,475964
2023-06-23,NEX,62.87,482443
2023-06-26,NEX,63.48,591754
2023-06-27,NEX,66.28,635061
2023-06-28,NEX,64.3,214404
2023-06-29,NEX,61.24,305677
2023-06-30,NEX,61.11,776847
2023-07-03,NEX,60.07,341495
2023-07-04,NEX,60.46,285853
2023-07-05,NEX,63.01,212911
2023-07-06,NEX,62.22,707662
2023-07-07,NEX,61.85,399589
2023-07-10,NEX,61.41,273430
2023-07-11,NEX,62.24,315770
2023-07-12,NEX,62.08,304246
2023-07-13,NEX,60.69,954489
2023-07-14,NEX,62.28,576740
2023-07-17,NEX,60.3,529730
2023-07-18,NEX,59.64,538314
2023-07-19,NEX,59.25,759056
2023-07-20,NEX,57.3,1076927
2023-07-21,NEX,58.84,472407
2023-07-24,NEX,57.92,388831
2023-07-25,NEX,56.53,929121
2023-07-26,NEX,58.63,347417
2023-07-27,NEX,58.96,674882
2023-07-28,NEX,57.98,285491
2023-07-31,NEX,57.8,498774
2023-08-01,NEX,58.0,436561
2023-08-02,NEX,58.14,399447
2023-08-03,NEX,58.67,484455
2023-08-04,NEX,58.81,369234
2023-08-07,NEX,61.25,207974
2023-08-08,NEX,61.85,617393
2023-08-09,NEX,62.47,388219
2023-08-10,NEX,60.87,422109
2023-08-11,NEX,60.86,845993
2023-08-14,NEX,58.77,402114
2023-08-15,NEX,59.81,511581
2023-08-16,NEX,60.14,317073
2023-08-17,NEX,60.41,1081156
2023-08-18,NEX,61.77,340331
2023-08-21,NEX,63.64,284637
2023-08-22,NEX,61.14,152425
2023-08-23,NEX,60.44,568740
2023-08-24,NEX,60.6,532911
2023-08-25,NEX,59.0,401504
2023-08-28,NEX,59.69,400823
2023-08-29,NEX,60.62,373541
2023-08-30,NEX,60.09,863250
2023-08-31,NEX,61.08,332869
2023-09-01,NEX,61.08,401793
2023-09-04,NEX,59.59,201131
2023-09-05,NEX,59.38,544634
2023-09-06,NEX,57.2,433216
2023-09-07,NEX,57.2,550733
2023-09-08,NEX,58.12,526118
2023-09-11,NEX,59.05,491783
2023-09-12,NEX,58.72,331700
2023-09-13,NEX,58.35,337620
2023-09-14,NEX,59.6,553995
2023-09-15,NEX,58.68,354369
2023-09-18,NEX,57.38,558552
2023-09-19,NEX,59.68,468414
2023-09-20,NEX,58.78,585001
2023-09-21,NEX,57.17,282104
2023-09-22,NEX,57.76,367308
2023-09-25,NEX,56.4,442556
2023-09-26,NEX,57.88,322509
2023-09-27,NEX,57.25,374486
2023-09-28,NEX,56.71,360692
2023-09-29,NEX,57.36,499207
2023-10-02,NEX,59.68,487880
2023-10-03,NEX,60.19,450959
2023-10-04,NEX,60.63,286881
2023-10-05,NEX,60.62,338364
2023-10-06,NEX,63.51,325066
2023-10-09,NEX,64.32,797545
2023-10-10,NEX,62.82,248936
2023-10-11,NEX,61.07,282556
2023-10-12,NEX,61.88,433619
2023-10-13,NEX,62.45,290921
2023-10-16,NEX,62.08,338800
2023-10-17,NEX,59.98,326182
2023-10-18,NEX,60.44,205175
2023-10-19,NEX,59.58,442194
2023-10-20,NEX,58.42,235465
2023-10-23,NEX,59.9,1009865
2023-10-24,NEX,59.42,355315
2023-10-25,NEX,58.43,377730
2023-10-26,NEX,58.32,306699
2023-10-27,NEX,58.0,445456
2023-10-30,NEX,58.91,493857
2023-10-31,NEX,58.74,214821
2023-11-01,NEX,58.29,495978
2023-11-02,NEX,60.2,495470
2023-11-03,NEX,60.88,239118
2023-11-06,NEX,62.13,515850
2023-11-07,NEX,63.39,263494
2023-11-08,NEX,62.88,356927
2023-11-09,NEX,62.8,350298
2023-11-10,NEX,62.88,259278
2023-11-13,NEX,65.59,278196
2023-11-14,NEX,62.93,1050765
2023-11-15,NEX,62.73,214674
2023-11-16,NEX,62.99,623366
2023-11-17,NEX,61.08,410945
2023-11-20,NEX,58.59,825760
2023-11-21,NEX,57.77,696898
2023-11-22,NEX,58.24,264029
2023-11-23,NEX,59.31,331524
2023-11-24,NEX,61.09,627187
2023-11-27,NEX,61.63,435700
2023-11-28,NEX,60.93,295130
2023-11-29,NEX,60.94,319242
2023-11-30,NEX,60.22,1049493
2023-12-01,NEX,60.76,430307
2023-12-04,NEX,60.25,436444
2023-12-05,NEX,60.06,577038
2023-12-06,NEX,60.95,262328
2023-12-07,NEX,59.81,815257
2023-12-08,NEX,61.35,184366
2023-12-11,NEX,59.58,759275
2023-12-12,NEX,59.97,542530
2023-12-13,NEX,58.84,608814
2023-12-14,NEX,60.64,350798
2023-12-15,NEX,60.38,334271
2023-12-18,NEX,60.47,843080
2023-12-19,NEX,60.18,1338232
2023-12-20,NEX,60.78,476944
2023-12-21,NEX,60.55,741999
2023-12-22,NEX,58.41,493905
2023-12-25,NEX,58.09,343300
2023-12-26,NEX,59.41,922295
2023-12-27,NEX,59.54,399884
2023-12-28,NEX,56.97,580167
2023-12-29,NEX,57.17,472222
2024-01-01,NEX,57.18,540960
2024-01-02,NEX,58.07,373038
2024-01-03,NEX,59.29,488883
2024-01-04,NEX,58.22,303836
2024-01-05,NEX,57.93,900736
2024-01-08,NEX,56.71,504626
2024-01-09,NEX,56.57,433145
2024-01-10,NEX,55.94,563707
2024-01-11,NEX,55.69,583684
2024-01-12,NEX,55.19,343907
2024-01-15,NEX,55.95,274278
2024-01-16,NEX,58.43,365623
2024-01-17,NEX,58.0,624521
2024-01-18,NEX,58.9,398498
2024-01-19,NEX,58.14,278554
2024-01-22,NEX,53.59,471754
2024-01-23,NEX,53.83,865899
2024-01-24,NEX,54.08,430227
2024-01-25,NEX,56.5,226983
2024-01-26,NEX,57.29,312462
2024-01-29,NEX,56.82,356189
2024-01-30,NEX,54.52,441559
2024-01-31,NEX,54.88,543805
2024-02-01,NEX,56.11,602067
2024-02-02,NEX,59.71,420618
2024-02-05,NEX,59.89,304712
2024-02-06,NEX,61.02,224479
2024-02-07,NEX,61.12,481275
2024-02-08,NEX,62.11,222221
2024-02-09,NEX,62.6,874829
2024-02-12,NEX,60.68,687152
2024-02-13,NEX,60.76,782607
2024-02-14,NEX,60.41,400862
2024-02-15,NEX,60.69,450986
2024-02-16,NEX,61.98,269985
2024-02-19,NEX,63.21,614965
2024-02-20,NEX,62.63,232417
2024-02-21,NEX,62.93,399584
2024-02-22,NEX,61.9,299880
2024-02-23,NEX,60.15,790479
2024-02-26,NEX,59.29,515043
2024-02-27,NEX,58.99,489154
2024-02-28,NEX,59.59,386467
2024-02-29,NEX,63.84,585589
2024-03-01,NEX,64.5,808380
2024-03-04,NEX,62.84,820084
2024-03-05,NEX,63.16,1238804
2024-03-06,NEX,62.89,292960
2024-03-07,NEX,64.83,345583
2024-03-08,NEX,63.93,599596
2024-03-11,NEX,64.5,443852
2024-03-12,NEX,66.25,499634
2024-03-13,NEX,66.17,242064
2024-03-14,NEX,65.21,610964
2024-03-15,NEX,66.66,363194
2024-03-18,NEX,66.31,522162
2024-03-19,NEX,68.98,409442
2024-03-20,NEX,68.8,284706
2024-03-21,NEX,68.63,871275
2024-03-22,NEX,69.66,562994
2024-03-25,NEX,70.07,439030
2024-03-26,NEX,68.19,296304
2024-03-27,NEX,67.2,595454
2024-03-28,NEX,66.27,533195
2024-03-29,NEX,64.2,306913
2024-04-01,NEX,63.04,531196
2024-04-02,NEX,63.42,422870
2024-04-03,NEX,64.46,523129
2024-04-04,NEX,64.29,545643
2024-04-05,NEX,65.67,338915
2024-04-08,NEX,64.41,530477
2024-04-09,NEX,67.36,790958
2024-04-10,NEX,69.51,582307
2024-04-11,NEX,70.76,444316
2024-04-12,NEX,71.4,452776
2024-04-15,NEX,68.57,819107
2024-04-16,NEX,71.06,802425
2024-04-17,NEX,69.83,288727
2024-04-18,NEX,69.62,541444
2024-04-19,NEX,68.84,398703
2024-04-22,NEX,68.57,268784
2024-04-23,NEX,68.57,616551
2024-04-24,NEX,72.32,552808
2024-04-25,NEX,72.04,349210
2024-04-26,NEX,71.81,399225
2024-04-29,NEX,72.85,707040
2024-04-30,NEX,73.34,376183
2024-05-01,NEX,74.6,348190
2024-05-02,NEX,77.39,281332
2024-05-03,NEX,76.74,555319
2024-05-06,NEX,79.25,247676
2024-05-07,NEX,79.31,247578
2024-05-08,NEX,78.22,402348
2024-05-09,NEX,76.76,344397
2024-05-10,NEX,77.87,256388
2024-05-13,NEX,78.69,284440
2024-05-14,NEX,78.39,226918
2024-05-15,NEX,79.3,470290
2024-05-16,NEX,78.37,261629
2024-05-17,NEX,81.57,268728
2024-05-20,NEX,80.33,415470
2024-05-21,NEX,80.44,402977
2024-05-22,NEX,77.0,459809
2024-05-23,NEX,79.67,958714
2024-05-24,NEX,82.5,340820
2024-05-27,NEX,82.17,134288
2024-05-28,NEX,82.14,625144
2024-05-29,NEX,79.64,263542
2024-05-30,NEX,78.79,586980
2024-05-31,NEX,78.82,304144
2024-06-03,NEX,78.57,446293
2024-06-04,NEX,75.05,380771
2024-06-05,NEX,75.05,363680
2024-06-06,NEX,74.16,215245
2024-06-07,NEX,71.96,350695
2024-06-10,NEX,69.99,276600
2024-06-11,NEX,68.06,502177
2024-06-12,NEX,69.11,997007
2024-06-13,NEX,72.26,426767
2024-06-14,NEX,78.39,869344
2024-06-17,NEX,77.31,214542
2024-06-18,NEX,74.41,474340
2024-06-19,NEX,73.31,374708
2024-06-20,NEX,71.34,327746
2024-06-21,NEX,67.14,193684
2024-06-24,NEX,67.94,524450
2024-06-25,NEX,66.88,615547
2024-06-26,NEX,66.85,455273
2024-06-27,NEX,66.67,233497
2024-06-28,NEX,65.72,299196
2024-07-01,NEX,61.79,364457
2024-07-02,NEX,60.23,693280
2024-07-03,NEX,58.29,263823
2024-07-04,NEX,56.91,573189
2024-07-05,NEX,56.02,731363
2024-07-08,NEX,56.43,423221
2024-07-09,NEX,56.03,485699
2024-07-10,NEX,55.05,403397
2024-07-11,NEX,54.93,257712
2024-07-12,NEX,54.79,448974
2024-07-15,NEX,56.33,306351
2024-07-16,NEX,60.2,636761
2024-07-17,NEX,57.67,632697
2024-07-18,NEX,58.46,445366
2024-07-19,NEX,56.07,364941
2024-07-22,NEX,56.76,551036
2024-07-23,NEX,54.26,330598
2024-07-24,NEX,53.69,153340
2024-07-25,NEX,52.34,294845
2024-07-26,NEX,52.28,367098
2024-07-29,NEX,51.23,276727
2024-07-30,NEX,51.04,733012
2024-07-31,NEX,50.62,237182
2024-08-01,NEX,51.54,503826
2024-08-02,NEX,51.2,442788
2024-08-05,NEX,53.5,277287
2024-08-06,NEX,52.85,435016
2024-08-07,NEX,53.33,280099
2024-08-08,NEX,51.59,449265
2024-08-09,NEX,51.39,443454
2024-08-12,NEX,50.54,208926
2024-08-13,NEX,51.46,204804
2024-08-14,NEX,51.9,784823
2024-08-15,NEX,51.93,509648
2024-08-16,NEX,50.96,340531
2024-08-19,NEX,51.83,380361
2024-08-20,NEX,52.3,362412
2024-08-21,NEX,54.1,638412
2024-08-22,NEX,49.75,366288
2024-08-23,NEX,50.49,243269
2024-08-26,NEX,51.02,358120
2024-08-27,NEX,50.85,314173
2024-08-28,NEX,52.03,402434
2024-08-29,NEX,52.85,752636
2024-08-30,NEX,52.05,247556
2024-09-02,NEX,50.45,277952
2024-09-03,NEX,51.0,561076
2024-09-04,NEX,51.91,304768
2024-09-05,NEX,50.21,671809
2024-09-06,NEX,50.01,644502
2024-09-09,NEX,48.85,575443
2024-09-10,NEX,49.92,706055
2024-09-11,NEX,50.78,627190
2024-09-12,NEX,50.41,339351
2024-09-13,NEX,49.88,1138999
2024-09-16,NEX,50.46,256181
2024-09-17,NEX,50.48,435024
2024-09-18,NEX,49.95,390453
2024-09-19,NEX,47.62,826701
2024-09-20,NEX,46.53,564897
2024-09-23,NEX,47.86,584975
2024-09-24,NEX,49.79,563882
2024-09-25,NEX,49.35,324212
2024-09-26,NEX,49.61,323252
2024-09-27,NEX,49.31,944109
2024-09-30,NEX,48.65,798277
2024-10-01,NEX,47.93,417298
2024-10-02,NEX,46.04,328158
2024-10-03,NEX,46.02,489112
2024-10-04,NEX,46.36,747188
2024-10-07,NEX,45.96,524546
2024-10-08,NEX,47.19,363154
2024-10-09,NEX,46.09,444045
2024-10-10,NEX,45.19,457461
2024-10-11,NEX,43.81,844684
2024-10-14,NEX,45.46,300630
2024-10-15,NEX,44.58,466600
2024-10-16,NEX,44.47,604436
2024-10-17,NEX,43.51,292610
2024-10-18,NEX,44.37,357744
2024-10-21,NEX,45.14,625944
2024-10-22,NEX,45.18,506482
2024-10-23,NEX,45.19,575928
2024-10-24,NEX,45.51,734826
2024-10-25,NEX,45.81,424250
2024-10-28,NEX,46.7,918764
2024-10-29,NEX,45.52,827699
2024-10-30,NEX,46.5,425345
2024-10-31,NEX,45.5,575748
2024-11-01,NEX,45.51,495980
2021-01-04,DTA,293.29,438877
2021-01-05,DTA,300.56,481447
2021-01-06,DTA,296.47,530392
2021-01-07,DTA,300.65,435179
2021-01-08,DTA,300.65,595764
2021-01-11,DTA,295.56,756243
2021-01-12,DTA,300.64,400363
2021-01-13,DTA,303.88,358912
2021-01-14,DTA,300.89,258444
2021-01-15,DTA,295.61,588272
2021-01-18,DTA,296.35,418590
2021-01-19,DTA,297.67,281168
2021-01-20,DTA,301.12,359298
2021-01-21,DTA,291.44,531733
2021-01-22,DTA,297.58,609750
2021-01-25,DTA,296.9,554951
2021-01-26,DTA,299.79,436318
2021-01-27,DTA,299.48,594911
2021-01-28,DTA,303.36,464523
2021-01-29,DTA,297.63,483820
2021-02-01,DTA,292.1,324617
2021-02-02,DTA,294.82,686117
2021-02-03,DTA,300.84,584880
2021-02-04,DTA,302.97,384055
2021-02-05,DTA,298.82,693402
2021-02-08,DTA,304.77,269103
2021-02-09,DTA,305.35,325077
2021-02-10,DTA,304.07,274003
2021-02-11,DTA,306.39,379391
2021-02-12,DTA,306.57,333132
2021-02-15,DTA,302.44,650918
2021-02-16,DTA,304.47,469263
2021-02-17,DTA,300.56,399224
2021-02-18,DTA,304.37,528653
2021-02-19,DTA,304.39,610377
2021-02-22,DTA,304.52,749792
2021-02-23,DTA,308.66,431522
2021-02-24,DTA,303.89,444656
2021-02-25,DTA,303.14,296496
2021-02-26,DTA,307.38,481453
2021-03-01,DTA,306.27,494908
2021-03-02,DTA,289.78,356738
2021-03-03,DTA,290.74,454598
2021-03-04,DTA,294.06,406391
2021-03-05,DTA,296.51,515951
2021-03-08,DTA,298.98,408857
2021-03-09,DTA,297.39,484052
2021-03-10,DTA,294.09,359315
2021-03-11,DTA,296.77,605973
2021-03-12,DTA,297.11,540685
2021-03-15,DTA,295.83,685033
2021-03-16,DTA,294.15,465279
2021-03-17,DTA,294.9,433776
2021-03-18,DTA,296.27,252685
2021-03-19,DTA,293.81,626731
2021-03-22,DTA,294.09,457834
2021-03-23,DTA,287.73,403074
2021-03-24,DTA,290.52,614564
2021-03-25,DTA,291.97,601085
2021-03-26,DTA,292.98,380345
2021-03-29,DTA,291.89,507028
2021-03-30,DTA,298.79,451629
2021-03-31,DTA,296.75,698960
2021-04-01,DTA,290.38,296127
2021-04-02,DTA,288.68,752335
2021-04-05,DTA,283.61,674638
2021-04-06,DTA,271.43,379168
2021-04-07,DTA,279.17,359954
2021-04-08,DTA,276.79,519113
2021-04-09,DTA,281.66,260228
2021-04-12,DTA,283.4,486439
2021-04-13,DTA,288.64,475208
2021-04-14,DTA,285.01,544690
2021-04-15,DTA,294.33,340677
2021-04-16,DTA,289.94,1168048
2021-04-19,DTA,290.95,477210
2021-04-20,DTA,289.27,710857
2021-04-21,DTA,294.5,525524
2021-04-22,DTA,297.08,624691
2021-04-23,DTA,288.66,279271
2021-04-26,DTA,287.75,897782
2021-04-27,DTA,293.84,546947
2021-04-28,DTA,290.73,532516
2021-04-29,DTA,289.46,562156
2021-04-30,DTA,289.54,535009
2021-05-03,DTA,287.92,478108
2021-05-04,DTA,293.51,405381
2021-05-05,DTA,290.91,288485
2021-05-06,DTA,291.38,875360
2021-05-07,DTA,295.1,298220
2021-05-10,DTA,296.66,666475
2021-05-11,DTA,300.72,535944
2021-05-12,DTA,299.26,342110
2021-05-13,DTA,297.36,592296
2021-05-14,DTA,298.3,377994
2021-05-17,DTA,298.04,938148
2021-05-18,DTA,298.61,434773
2021-05-19,DTA,299.06,625643
2021-05-20,DTA,300.79,368241
2021-05-21,DTA,301.82,310972
2021-05-24,DTA,304.66,435179
2021-05-25,DTA,303.35,821199
2021-05-26,DTA,306.85,242111
2021-05-27,DTA,305.48,351892
2021-05-28,DTA,316.22,435728
2021-05-31,DTA,322.3,312910
2021-06-01,DTA,331.37,285177
2021-06-02,DTA,331.54,638889
2021-06-03,DTA,327.45,340468
2021-06-04,DTA,314.81,329682
2021-06-07,DTA,310.19,353182
2021-06-08,DTA,310.9,412239
2021-06-09,DTA,317.94,534622
2021-06-10,DTA,315.44,283572
2021-06-11,DTA,313.69,407881
2021-06-14,DTA,317.22,350335
2021-06-15,DTA,307.97,272435
2021-06-16,DTA,311.81,365977
2021-06-17,DTA,317.6,617662
2021-06-18,DTA,325.99,497850
2021-06-21,DTA,327.28,578834
2021-06-22,DTA,327.71,182948
2021-06-23,DTA,330.28,340139
2021-06-24,DTA,335.03,527568
2021-06-25,DTA,340.53,380368
2021-06-28,DTA,341.23,449157
2021-06-29,DTA,338.91,451040
2021-06-30,DTA,334.96,247317
2021-07-01,DTA,337.29,373619
2021-07-02,DTA,339.7,310008
2021-07-05,DTA,336.59,494798
2021-07-06,DTA,336.51,379466
2021-07-07,DTA,349.02,274893
2021-07-08,DTA,356.83,425025
2021-07-09,DTA,368.16,775612
2021-07-12,DTA,372.99,229142
2021-07-13,DTA,382.09,648451
2021-07-14,DTA,378.63,338037
2021-07-15,DTA,385.52,436652
2021-07-16,DTA,388.57,235059
2021-07-19,DTA,395.34,486166
2021-07-20,DTA,396.3,499541
2021-07-21,DTA,390.15,876708
2021-07-22,DTA,387.4,524484
2021-07-23,DTA,397.06,216466
2021-07-26,DTA,391.99,462322
2021-07-27,DTA,394.35,487854
2021-07-28,DTA,393.34,256791
2021-07-29,DTA,400.3,190449
2021-07-30,DTA,391.94,215557
2021-08-02,DTA,388.77,484399
2021-08-03,DTA,380.44,398102
2021-08-04,DTA,377.48,640909
2021-08-05,DTA,382.42,739467
2021-08-06,DTA,372.88,587741
2021-08-09,DTA,367.9,602627
2021-08-10,DTA,363.8,693376
2021-08-11,DTA,362.41,513612
2021-08-12,DTA,360.05,524800
2021-08-13,DTA,361.02,200918
2021-08-16,DTA,365.42,349371
2021-08-17,DTA,355.88,286640
2021-08-18,DTA,358.32,717765
2021-08-19,DTA,357.33,297688
2021-08-20,DTA,359.17,294582
2021-08-23,DTA,357.41,382865
2021-08-24,DTA,363.74,790316
2021-08-25,DTA,362.57,866953
2021-08-26,DTA,370.64,416731
2021-08-27,DTA,379.59,516093
2021-08-30,DTA,378.53,429818
2021-08-31,DTA,381.44,551457
2021-09-01,DTA,383.02,202782
2021-09-02,DTA,384.77,702082
2021-09-03,DTA,373.38,437568
2021-09-06,DTA,357.52,355120
2021-09-07,DTA,358.54,347762
2021-09-08,DTA,364.42,513063
2021-09-09,DTA,366.98,778658
2021-09-10,DTA,370.49,754058
2021-09-13,DTA,372.42,332842
2021-09-14,DTA,373.13,583312
2021-09-15,DTA,379.13,320188
2021-09-16,DTA,376.96,334998
2021-09-17,DTA,382.33,420265
2021-09-20,DTA,381.3,525244
2021-09-21,DTA,381.4,540586
2021-09-22,DTA,389.48,480162
2021-09-23,DTA,390.8,248178
2021-09-24,DTA,393.95,557894
2021-09-27,DTA,399.87,1030377
2021-09-28,DTA,385.72,562717
2021-09-29,DTA,388.37,706632
2021-09-30,DTA,389.38,575720
2021-10-01,DTA,381.25,623074
2021-10-04,DTA,379.34,253211
2021-10-05,DTA,381.55,319574
2021-10-06,DTA,376.28,713529
2021-10-07,DTA,378.02,625861
2021-10-08,DTA,373.9,392823
2021-10-11,DTA,370.05,480523
2021-10-12,DTA,367.07,650205
2021-10-13,DTA,371.69,503629
2021-10-14,DTA,379.8,660190
2021-10-15,DTA,383.45,388219
2021-10-18,DTA,380.74,688754
2021-10-19,DTA,383.96,505027
2021-10-20,DTA,388.73,303557
2021-10-21,DTA,388.46,966911
2021-10-22,DTA,383.32,1012384
2021-10-25,DTA,393.92,359651
2021-10-26,DTA,392.46,381270
2021-10-27,DTA,392.41,590752
2021-10-28,DTA,389.26,420148
2021-10-29,DTA,399.74,438863
2021-11-01,DTA,408.02,769292
2021-11-02,DTA,410.62,273250
2021-11-03,DTA,417.28,350917
2021-11-04,DTA,416.76,443456
2021-11-05,DTA,423.63,467603
2021-11-08,DTA,423.96,787282
2021-11-09,DTA,425.89,657223
2021-11-10,DTA,422.2,339731
2021-11-11,DTA,410.45,520671
2021-11-12,DTA,406.47,349192
2021-11-15,DTA,406.92,781262
2021-11-16,DTA,402.93,381710
2021-11-17,DTA,418.57,299141
2021-11-18,DTA,424.63,687308
2021-11-19,DTA,427.24,214238
2021-11-22,DTA,428.24,355973
2021-11-23,DTA,430.46,158395
2021-11-24,DTA,438.25,547755
2021-11-25,DTA,438.74,304464
2021-11-26,DTA,435.28,744895
2021-11-29,DTA,432.72,695009
2021-11-30,DTA,425.54,355412
2021-12-01,DTA,420.37,1066137
2021-12-02,DTA,425.96,306785
2021-12-03,DTA,431.19,285949
2021-12-06,DTA,436.95,358689
2021-12-07,DTA,429.93,469276
2021-12-08,DTA,437.01,590620
2021-12-09,DTA,434.81,831642
2021-12-10,DTA,432.71,468762
2021-12-13,DTA,427.0,387551
2021-12-14,DTA,418.59,432764
2021-12-15,DTA,412.73,592912
2021-12-16,DTA,407.6,299791
2021-12-17,DTA,405.05,339049
2021-12-20,DTA,410.87,938552
2021-12-21,DTA,416.5,319820
2021-12-22,DTA,422.08,271815
2021-12-23,DTA,419.31,866049
2021-12-24,DTA,416.36,521848
2021-12-27,DTA,423.18,728720
2021-12-28,DTA,414.02,238169
2021-12-29,DTA,401.69,800042
2021-12-30,DTA,394.46,108064
2021-12-31,DTA,396.47,435875
2022-01-03,DTA,396.46,880985
2022-01-04,DTA,389.3,757661
2022-01-05,DTA,390.5,627051
2022-01-06,DTA,394.54,851999
2022-01-07,DTA,410.35,423325
2022-01-10,DTA,418.95,275506
2022-01-11,DTA,421.06,368261
2022-01-12,DTA,427.19,263318
2022-01-13,DTA,444.23,403831
2022-01-14,DTA,438.89,247941
2022-01-17,DTA,430.14,633272
2022-01-18,DTA,438.02,211150
2022-01-19,DTA,437.19,376514
2022-01-20,DTA,430.69,337143
2022-01-21,DTA,430.38,383401
2022-01-24,DTA,425.23,401521
2022-01-25,DTA,418.64,827049
2022-01-26,DTA,423.23,371892
2022-01-27,DTA,419.87,280206
2022-01-28,DTA,410.88,527709
2022-01-31,DTA,411.48,424150
2022-02-01,DTA,409.44,417298
2022-02-02,DTA,412.32,385708
2022-02-03,DTA,411.26,381868
2022-02-04,DTA,408.13,463922
2022-02-07,DTA,416.26,322821
2022-02-08,DTA,409.62,594564
2022-02-09,DTA,416.85,1142613
2022-02-10,DTA,417.49,342546
2022-02-11,DTA,424.12,421191
2022-02-14,DTA,424.65,541918
2022-02-15,DTA,427.08,617290
2022-02-16,DTA,429.82,550482
2022-02-17,DTA,439.48,301873
2022-02-18,DTA,442.17,225995
2022-02-21,DTA,434.29,244652
2022-02-22,DTA,436.17,597059
2022-02-23,DTA,443.75,374183
2022-02-24,DTA,452.03,333578
2022-02-25,DTA,449.9,378511
2022-02-28,DTA,446.37,554533
2022-03-01,DTA,439.14,841674
2022-03-02,DTA,445.31,333791
2022-03-03,DTA,450.96,289700
2022-03-04,DTA,461.6,507519
2022-03-07,DTA,457.76,501036
2022-03-08,DTA,459.63,358666
2022-03-09,DTA,458.94,584845
2022-03-10,DTA,455.72,507581
2022-03-11,DTA,455.81,296964
2022-03-14,DTA,448.44,403364
2022-03-15,DTA,453.83,684790
2022-03-16,DTA,460.98,648674
2022-03-17,DTA,466.18,479327
2022-03-18,DTA,466.61,1217067
2022-03-21,DTA,473.21,508026
2022-03-22,DTA,470.91,504627
2022-03-23,DTA,461.65,393052
2022-03-24,DTA,459.99,411292
2022-03-25,DTA,456.36,541018
2022-03-28,DTA,473.53,347559
2022-03-29,DTA,479.61,589535
2022-03-30,DTA,480.22,593751
2022-03-31,DTA,489.16,251812
2022-04-01,DTA,494.56,242916
2022-04-04,DTA,495.79,394440
2022-04-05,DTA,495.25,898684
2022-04-06,DTA,489.68,929623
2022-04-07,DTA,492.98,93224
2022-04-08,DTA,500.39,487826
2022-04-11,DTA,491.12,448220
2022-04-12,DTA,495.17,302703
2022-04-13,DTA,498.8,414880
2022-04-14,DTA,493.43,337047
2022-04-15,DTA,493.97,405088
2022-04-18,DTA,483.76,412588
2022-04-19,DTA,485.76,284048
2022-04-20,DTA,489.69,402954
2022-04-21,DTA,495.39,397680
2022-04-22,DTA,498.96,582164
2022-04-25,DTA,507.55,473642
2022-04-26,DTA,502.93,606171
2022-04-27,DTA,508.85,534421
2022-04-28,DTA,506.66,771928
2022-04-29,DTA,501.03,391838
2022-05-02,DTA,497.5,639156
2022-05-03,DTA,489.58,455943
2022-05-04,DTA,492.5,814624
2022-05-05,DTA,484.75,512186
2022-05-06,DTA,491.54,301724
2022-05-09,DTA,494.84,431932
2022-05-10,DTA,498.8,408743
2022-05-11,DTA,497.54,318601
2022-05-12,DTA,482.64,366982
2022-05-13,DTA,480.62,191681
2022-05-16,DTA,481.66,349480
2022-05-17,DTA,478.89,581334
2022-05-18,DTA,485.25,552733
2022-05-19,DTA,483.33,360288
2022-05-20,DTA,487.97,512093
2022-05-23,DTA,483.06,734686
2022-05-24,DTA,490.26,329619
2022-05-25,DTA,499.8,246960
2022-05-26,DTA,495.33,446016
2022-05-27,DTA,502.95,755483
2022-05-30,DTA,505.35,737148
2022-05-31,DTA,498.53,409254
2022-06-01,DTA,500.18,595921
2022-06-02,DTA,504.07,438953
2022-06-03,DTA,491.72,977915
2022-06-06,DTA,487.03,550953
2022-06-07,DTA,489.41,238063
2022-06-08,DTA,480.61,378575
2022-06-09,DTA,469.64,456034
2022-06-10,DTA,477.4,300031
2022-06-13,DTA,492.39,487597
2022-06-14,DTA,497.73,361162
2022-06-15,DTA,497.06,575336
2022-06-16,DTA,493.69,295062
2022-06-17,DTA,500.9,398037
2022-06-20,DTA,497.74,717832
2022-06-21,DTA,508.77,459991
2022-06-22,DTA,512.27,485104
2022-06-23,DTA,518.53,303134
2022-06-24,DTA,523.88,390736
2022-06-27,DTA,519.11,357327
2022-06-28,DTA,529.12,418964
2022-06-29,DTA,534.05,1130450
2022-06-30,DTA,524.59,585892
2022-07-01,DTA,516.6,497621
2022-07-04,DTA,500.44,375420
2022-07-05,DTA,500.25,357253
2022-07-06,DTA,499.46,465297
2022-07-07,DTA,507.12,558868
2022-07-08,DTA,520.92,462757
2022-07-11,DTA,525.86,339525
2022-07-12,DTA,512.41,469779
2022-07-13,DTA,517.73,592516
2022-07-14,DTA,514.39,724034
2022-07-15,DTA,516.31,687884
2022-07-18,DTA,527.92,376690
2022-07-19,DTA,522.37,153918
2022-07-20,DTA,512.1,273457
2022-07-21,DTA,512.37,270041
2022-07-22,DTA,501.39,476092
2022-07-25,DTA,501.26,293266
2022-07-26,DTA,502.21,332616
2022-07-27,DTA,489.8,380875
2022-07-28,DTA,485.47,1565597
2022-07-29,DTA,493.28,825778
2022-08-01,DTA,504.47,380484
2022-08-02,DTA,514.67,923334
2022-08-03,DTA,524.05,465539
2022-08-04,DTA,526.58,329541
2022-08-05,DTA,514.58,528273
2022-08-08,DTA,521.18,302519
2022-08-09,DTA,520.08,201825
2022-08-10,DTA,502.62,192658
2022-08-11,DTA,505.71,692608
2022-08-12,DTA,505.21,416087
2022-08-15,DTA,506.29,285802
2022-08-16,DTA,500.65,511095
2022-08-17,DTA,494.89,243705
2022-08-18,DTA,496.66,285666
2022-08-19,DTA,495.11,527729
2022-08-22,DTA,493.56,938009
2022-08-23,DTA,486.81,258394
2022-08-24,DTA,478.42,283519
2022-08-25,DTA,473.69,409249
2022-08-26,DTA,479.62,569385
2022-08-29,DTA,484.92,501423
2022-08-30,DTA,472.8,367134
2022-08-31,DTA,473.19,415242
2022-09-01,DTA,469.3,482191
2022-09-02,DTA,484.07,887221
2022-09-05,DTA,479.0,629528
2022-09-06,DTA,472.74,316877
2022-09-07,DTA,467.14,240607
2022-09-08,DTA,476.61,571754
2022-09-09,DTA,464.43,265889
2022-09-12,DTA,457.22,521422
2022-09-13,DTA,458.07,594510
2022-09-14,DTA,461.73,668798
2022-09-15,DTA,465.95,284930
2022-09-16,DTA,450.3,610795
2022-09-19,DTA,445.59,684386
2022-09-20,DTA,449.13,400266
2022-09-21,DTA,443.91,308163
2022-09-22,DTA,436.3,439195
2022-09-23,DTA,441.24,458915
2022-09-26,DTA,449.4,644165
2022-09-27,DTA,446.11,453683
2022-09-28,DTA,444.43,499518
2022-09-29,DTA,438.61,579738
2022-09-30,DTA,443.95,412489
2022-10-03,DTA,456.58,462627
2022-10-04,DTA,457.56,310174
2022-10-05,DTA,456.97,443902
2022-10-06,DTA,456.64,406627
2022-10-07,DTA,457.82,420382
2022-10-10,DTA,441.25,283495
2022-10-11,DTA,430.59,436082
2022-10-12,DTA,439.9,336175
2022-10-13,DTA,452.39,425024
2022-10-14,DTA,449.99,457746
2022-10-17,DTA,444.95,888972
2022-10-18,DTA,453.1,349745
2022-10-19,DTA,459.84,326116
2022-10-20,DTA,466.62,409213
2022-10-21,DTA,458.39,302593
2022-10-24,DTA,447.99,188924
2022-10-25,DTA,438.48,387254
2022-10-26,DTA,435.51,421475
2022-10-27,DTA,432.39,467822
2022-10-28,DTA,435.09,398377
2022-10-31,DTA,442.92,326778
2022-11-01,DTA,435.22,500720
2022-11-02,DTA,440.98,368217
2022-11-03,DTA,448.82,353962
2022-11-04,DTA,467.57,562091
2022-11-07,DTA,469.15,420252
2022-11-08,DTA,469.49,747085
2022-11-09,DTA,468.2,290626
2022-11-10,DTA,469.66,894315
2022-11-11,DTA,485.83,534638
2022-11-14,DTA,492.16,289908
2022-11-15,DTA,494.01,402453
2022-11-16,DTA,482.1,349222
2022-11-17,DTA,485.35,552993
2022-11-18,DTA,478.15,348969
2022-11-21,DTA,488.34,313600
2022-11-22,DTA,486.67,535371
2022-11-23,DTA,473.82,409144
2022-11-24,DTA,464.55,183882
2022-11-25,DTA,460.12,699105
2022-11-28,DTA,459.91,412636
2022-11-29,DTA,458.25,414304
2022-11-30,DTA,455.59,655027
2022-12-01,DTA,467.76,550555
2022-12-02,DTA,464.36,1069384
2022-12-05,DTA,459.97,339250
2022-12-06,DTA,460.49,606805
2022-12-07,DTA,457.94,340691
2022-12-08,DTA,459.5,519322
2022-12-09,DTA,452.96,682530
2022-12-12,DTA,454.27,362514
2022-12-13,DTA,442.09,1169262
2022-12-14,DTA,436.27,564378
2022-12-15,DTA,433.61,386813
2022-12-16,DTA,430.59,143878
2022-12-19,DTA,430.9,455232
2022-12-20,DTA,424.74,807587
2022-12-21,DTA,424.8,514240
2022-12-22,DTA,427.43,580804
2022-12-23,DTA,425.77,418638
2022-12-26,DTA,426.64,429926
2022-12-27,DTA,424.17,436555
2022-12-28,DTA,423.59,375975
2022-12-29,DTA,421.46,430608
2022-12-30,DTA,439.08,427052
2023-01-02,DTA,439.31,547777
2023-01-03,DTA,432.56,427089
2023-01-04,DTA,430.96,664649
2023-01-05,DTA,422.88,1043216
2023-01-06,DTA,408.83,377086
2023-01-09,DTA,409.53,880534
2023-01-10,DTA,416.11,576618
2023-01-11,DTA,419.5,358374
2023-01-12,DTA,420.46,787373
2023-01-13,DTA,426.32,572444
2023-01-16,DTA,423.65,598723
2023-01-17,DTA,408.45,176068
2023-01-18,DTA,411.74,576853
2023-01-19,DTA,409.85,433214
2023-01-20,DTA,413.14,523044
2023-01-23,DTA,416.4,568485
2023-01-24,DTA,416.77,525591
2023-01-25,DTA,418.02,537389
2023-01-26,DTA,421.71,609828
2023-01-27,DTA,419.81,398882
2023-01-30,DTA,424.73,892747
2023-01-31,DTA,439.77,568673
2023-02-01,DTA,441.44,330014
2023-02-02,DTA,444.19,510100
2023-02-03,DTA,453.34,292659
2023-02-06,DTA,461.4,610928
2023-02-07,DTA,460.93,295043
2023-02-08,DTA,449.42,414991
2023-02-09,DTA,443.49,393545
2023-02-10,DTA,445.26,616235
2023-02-13,DTA,442.86,325706
2023-02-14,DTA,437.89,526257
2023-02-15,DTA,440.48,258471
2023-02-16,DTA,436.37,677179
2023-02-17,DTA,445.41,437034
2023-02-20,DTA,440.86,378358
2023-02-21,DTA,441.31,481764
2023-02-22,DTA,439.3,496977
2023-02-23,DTA,437.04,364292
2023-02-24,DTA,439.26,841553
2023-02-27,DTA,423.63,678399
2023-02-28,DTA,423.91,231473
2023-03-01,DTA,429.35,457555
2023-03-02,DTA,435.29,400957
2023-03-03,DTA,438.66,149156
2023-03-06,DTA,442.5,471057
2023-03-07,DTA,446.27,324959
2023-03-08,DTA,455.7,419761
2023-03-09,DTA,457.79,513999
2023-03-10,DTA,457.06,595369
2023-03-13,DTA,452.32,502933
2023-03-14,DTA,450.95,182301
2023-03-15,DTA,455.4,440656
2023-03-16,DTA,461.17,218483
2023-03-17,DTA,458.24,289319
2023-03-20,DTA,455.27,952151
2023-03-21,DTA,459.18,467120
2023-03-22,DTA,467.98,218770
2023-03-23,DTA,484.28,412946
2023-03-24,DTA,488.68,1060469
2023-03-27,DTA,485.12,358358
2023-03-28,DTA,478.73,198214
2023-03-29,DTA,491.09,428038
2023-03-30,DTA,494.21,1071835
2023-03-31,DTA,492.38,368595
2023-04-03,DTA,488.83,825701
2023-04-04,DTA,500.47,438547
2023-04-05,DTA,498.81,1166946
2023-04-06,DTA,508.5,414115
2023-04-07,DTA,514.9,405226
2023-04-10,DTA,513.17,566583
2023-04-11,DTA,527.27,343653
2023-04-12,DTA,527.69,378444
2023-04-13,DTA,524.6,419303
2023-04-14,DTA,536.41,877676
2023-04-17,DTA,543.54,209445
2023-04-18,DTA,540.58,275367
2023-04-19,DTA,548.03,839908
2023-04-20,DTA,557.77,455898
2023-04-21,DTA,563.95,287309
2023-04-24,DTA,560.04,546321
2023-04-25,DTA,563.24,427463
2023-04-26,DTA,554.91,349328
2023-04-27,DTA,552.4,303576
2023-04-28,DTA,550.25,380744
2023-05-01,DTA,557.58,181292
2023-05-02,DTA,566.0,353319
2023-05-03,DTA,555.11,665181
2023-05-04,DTA,559.32,573186
2023-05-05,DTA,559.39,371063
2023-05-08,DTA,563.06,254571
2023-05-09,DTA,576.87,355056
2023-05-10,DTA,573.91,172660
2023-05-11,DTA,572.13,518891
2023-05-12,DTA,578.84,540811
2023-05-15,DTA,580.16,596728
2023-05-16,DTA,567.65,662191
2023-05-17,DTA,583.26,604071
2023-05-18,DTA,586.22,450589
2023-05-19,DTA,595.48,358063
2023-05-22,DTA,592.33,350589
2023-05-23,DTA,580.88,424568
2023-05-24,DTA,580.78,590425
2023-05-25,DTA,583.54,298051
2023-05-26,DTA,594.76,483766
2023-05-29,DTA,591.5,290992
2023-05-30,DTA,601.19,525114
2023-05-31,DTA,590.08,329511
2023-06-01,DTA,587.7,932048
2023-06-02,DTA,590.48,384150
2023-06-05,DTA,581.57,476105
2023-06-06,DTA,596.18,262200
2023-06-07,DTA,594.92,536611
2023-06-08,DTA,589.18,660043
2023-06-09,DTA,580.94,312320
2023-06-12,DTA,571.21,421922
2023-06-13,DTA,578.17,298959
2023-06-14,DTA,572.05,405086
2023-06-15,DTA,575.79,631870
2023-06-16,DTA,572.92,986456
2023-06-19,DTA,581.65,592434
2023-06-20,DTA,585.58,267877
2023-06-21,DTA,592.5,423204
2023-06-22,DTA,616.19,594226
2023-06-23,DTA,612.92,128716
2023-06-26,DTA,615.09,501012
2023-06-27,DTA,617.57,473610
2023-06-28,DTA,622.08,1037360
2023-06-29,DTA,618.97,442159
2023-06-30,DTA,626.04,800512
2023-07-03,DTA,647.2,399554
2023-07-04,DTA,647.3,577747
2023-07-05,DTA,648.11,505941
2023-07-06,DTA,639.62,874536
2023-07-07,DTA,625.05,775030
2023-07-10,DTA,616.76,369261
2023-07-11,DTA,605.54,239125
2023-07-12,DTA,595.44,628483
2023-07-13,DTA,590.33,879392
2023-07-14,DTA,582.3,240012
2023-07-17,DTA,575.36,895757
2023-07-18,DTA,567.42,316917
2023-07-19,DTA,559.53,767795
2023-07-20,DTA,580.0,435995
2023-07-21,DTA,573.42,736515
2023-07-24,DTA,569.13,524615
2023-07-25,DTA,573.01,683047
2023-07-26,DTA,562.5,387290
2023-07-27,DTA,549.4,256950
2023-07-28,DTA,540.56,685869
2023-07-31,DTA,539.78,693748
2023-08-01,DTA,541.09,379082
2023-08-02,DTA,546.74,526612
2023-08-03,DTA,550.71,354698
2023-08-04,DTA,564.93,252073
2023-08-07,DTA,565.89,514109
2023-08-08,DTA,566.64,573394
2023-08-09,DTA,559.37,380537
2023-08-10,DTA,559.79,746876
2023-08-11,DTA,553.91,321944
2023-08-14,DTA,544.4,722505
2023-08-15,DTA,559.91,283761
2023-08-16,DTA,549.89,535608
2023-08-17,DTA,565.65,462616
2023-08-18,DTA,576.1,659077
2023-08-21,DTA,575.84,522898
2023-08-22,DTA,564.6,527450
2023-08-23,DTA,563.65,439565
2023-08-24,DTA,555.81,554701
2023-08-25,DTA,569.88,269297
2023-08-28,DTA,575.78,172646
2023-08-29,DTA,585.13,981034
2023-08-30,DTA,583.19,227232
2023-08-31,DTA,583.05,909529
2023-09-01,DTA,588.73,332454
2023-09-04,DTA,585.94,808116
2023-09-05,DTA,599.87,780343
2023-09-06,DTA,595.28,422814
2023-09-07,DTA,608.09,424273
2023-09-08,DTA,600.36,337661
2023-09-11,DTA,595.96,450395
2023-09-12,DTA,593.92,506963
2023-09-13,DTA,590.8,1046310
2023-09-14,DTA,584.54,214991
2023-09-15,DTA,567.15,418479
2023-09-18,DTA,568.76,597918
2023-09-19,DTA,562.95,263686
2023-09-20,DTA,559.74,708133
2023-09-21,DTA,565.52,740142
2023-09-22,DTA,559.66,623458
2023-09-25,DTA,559.49,376509
2023-09-26,DTA,553.63,631810
2023-09-27,DTA,568.1,419604
2023-09-28,DTA,575.68,380985
2023-09-29,DTA,575.78,613459
2023-10-02,DTA,576.64,365114
2023-10-03,DTA,562.45,645988
2023-10-04,DTA,557.35,641952
2023-10-05,DTA,570.53,692573
2023-10-06,DTA,565.91,330524
2023-10-09,DTA,565.05,563463
2023-10-10,DTA,551.29,396312
2023-10-11,DTA,555.66,1039674
2023-10-12,DTA,554.91,263110
2023-10-13,DTA,546.18,471881
2023-10-16,DTA,535.48,430518
2023-10-17,DTA,552.51,450976
2023-10-18,DTA,548.73,266723
2023-10-19,DTA,543.4,329069
2023-10-20,DTA,549.76,255388
2023-10-23,DTA,533.28,251441
2023-10-24,DTA,545.86,387887
2023-10-25,DTA,542.06,1129049
2023-10-26,DTA,539.91,630886
2023-10-27,DTA,533.25,342750
2023-10-30,DTA,533.54,418589
2023-10-31,DTA,528.0,279379
2023-11-01,DTA,526.73,153705
2023-11-02,DTA,518.59,452091
2023-11-03,DTA,519.55,407130
2023-11-06,DTA,516.3,412834
2023-11-07,DTA,517.35,373046
2023-11-08,DTA,514.63,364796
2023-11-09,DTA,527.23,542458
2023-11-10,DTA,525.8,285433
2023-11-13,DTA,531.14,459536
2023-11-14,DTA,530.41,221941
2023-11-15,DTA,536.94,952316
2023-11-16,DTA,532.24,601518
2023-11-17,DTA,529.43,341574
2023-11-20,DTA,529.59,385799
2023-11-21,DTA,513.22,608835
2023-11-22,DTA,515.88,643548
2023-11-23,DTA,510.06,356230
2023-11-24,DTA,507.13,355415
2023-11-27,DTA,513.76,348360
2023-11-28,DTA,513.74,593280
2023-11-29,DTA,509.87,396935
2023-11-30,DTA,511.73,549384
2023-12-01,DTA,507.12,518216
2023-12-04,DTA,507.03,375216
2023-12-05,DTA,499.99,261509
2023-12-06,DTA,507.26,675144
2023-12-07,DTA,498.35,468395
2023-12-08,DTA,501.71,478867
2023-12-11,DTA,487.36,439983
2023-12-12,DTA,487.0,269682
2023-12-13,DTA,489.99,376952
2023-12-14,DTA,483.06,492908
2023-12-15,DTA,486.5,358654
2023-12-18,DTA,486.66,513886
2023-12-19,DTA,483.96,420722
2023-12-20,DTA,485.2,255163
2023-12-21,DTA,494.98,211846
2023-12-22,DTA,497.12,520134
2023-12-25,DTA,488.83,321798
2023-12-26,DTA,482.33,393556
2023-12-27,DTA,476.25,316665
2023-12-28,DTA,473.26,669750
2023-12-29,DTA,476.39,257364
2024-01-01,DTA,481.16,638232
2024-01-02,DTA,484.74,252000
2024-01-03,DTA,462.39,555763
2024-01-04,DTA,465.17,415298
2024-01-05,DTA,462.66,458534
2024-01-08,DTA,467.14,495920
2024-01-09,DTA,475.33,412449
2024-01-10,DTA,464.79,581371
2024-01-11,DTA,463.65,372846
2024-01-12,DTA,469.3,272920
2024-01-15,DTA,472.1,366072
2024-01-16,DTA,480.19,372637
2024-01-17,DTA,488.81,485012
2024-01-18,DTA,487.05,280268
2024-01-19,DTA,481.63,640458
2024-01-22,DTA,476.0,751028
2024-01-23,DTA,482.74,393419
2024-01-24,DTA,487.85,554384
2024-01-25,DTA,490.23,1023197
2024-01-26,DTA,490.35,472246
2024-01-29,DTA,494.33,267333
2024-01-30,DTA,495.54,387910
2024-01-31,DTA,492.86,341235
2024-02-01,DTA,502.27,484211
2024-02-02,DTA,493.76,713950
2024-02-05,DTA,500.41,217274
2024-02-06,DTA,492.29,756378
2024-02-07,DTA,494.86,489394
2024-02-08,DTA,503.72,586287
2024-02-09,DTA,510.05,525877
2024-02-12,DTA,511.2,343717
2024-02-13,DTA,498.12,536450
2024-02-14,DTA,490.76,666562
2024-02-15,DTA,494.11,722974
2024-02-16,DTA,492.25,691409
2024-02-19,DTA,488.42,363318
2024-02-20,DTA,469.03,752176
2024-02-21,DTA,466.88,675723
2024-02-22,DTA,467.39,640886
2024-02-23,DTA,463.56,275987
2024-02-26,DTA,463.71,358190
2024-02-27,DTA,460.98,468999
2024-02-28,DTA,465.76,624120
2024-02-29,DTA,464.79,248335
2024-03-01,DTA,463.21,281086
2024-03-04,DTA,462.46,462192
2024-03-05,DTA,458.86,289004
2024-03-06,DTA,465.92,380673
2024-03-07,DTA,461.61,423331
2024-03-08,DTA,466.58,197472
2024-03-11,DTA,460.9,484855
2024-03-12,DTA,472.45,411712
2024-03-13,DTA,490.02,237815
2024-03-14,DTA,493.37,347685
2024-03-15,DTA,497.67,599068
2024-03-18,DTA,497.4,381657
2024-03-19,DTA,498.25,439639
2024-03-20,DTA,492.57,488348
2024-03-21,DTA,485.44,205983
2024-03-22,DTA,489.06,772970
2024-03-25,DTA,483.08,525619
2024-03-26,DTA,487.64,517020
2024-03-27,DTA,494.12,566599
2024-03-28,DTA,503.65,423829
2024-03-29,DTA,497.34,435199
2024-04-01,DTA,489.44,1090954
2024-04-02,DTA,494.43,246736
2024-04-03,DTA,499.81,561375
2024-04-04,DTA,504.88,289665
2024-04-05,DTA,510.86,768260
2024-04-08,DTA,504.17,455331
2024-04-09,DTA,504.21,251056
2024-04-10,DTA,502.54,544101
2024-04-11,DTA,508.6,673966
2024-04-12,DTA,512.93,505003
2024-04-15,DTA,517.25,627671
2024-04-16,DTA,519.52,780327
2024-04-17,DTA,520.64,604625
2024-04-18,DTA,518.31,371588
2024-04-19,DTA,520.04,759906
2024-04-22,DTA,524.61,532235
2024-04-23,DTA,532.71,363000
2024-04-24,DTA,542.7,527001
2024-04-25,DTA,547.69,519613
2024-04-26,DTA,558.29,466747
2024-04-29,DTA,564.34,259066
2024-04-30,DTA,551.91,712679
2024-05-01,DTA,559.24,597934
2024-05-02,DTA,551.15,349095
2024-05-03,DTA,563.57,541808
2024-05-06,DTA,547.26,506808
2024-05-07,DTA,531.01,237397
2024-05-08,DTA,545.12,428675
2024-05-09,DTA,561.27,503221
2024-05-10,DTA,571.66,857644
2024-05-13,DTA,584.37,459743
2024-05-14,DTA,573.83,874106
2024-05-15,DTA,583.42,397914
2024-05-16,DTA,576.32,407268
2024-05-17,DTA,586.61,230143
2024-05-20,DTA,583.27,434148
2024-05-21,DTA,582.88,379889
2024-05-22,DTA,592.29,355900
2024-05-23,DTA,592.44,360978
2024-05-24,DTA,597.41,303418
2024-05-27,DTA,591.79,309453
2024-05-28,DTA,585.86,446384
2024-05-29,DTA,583.98,569792
2024-05-30,DTA,575.08,769721
2024-05-31,DTA,581.41,516720
2024-06-03,DTA,584.75,236024
2024-06-04,DTA,573.57,502160
2024-06-05,DTA,586.75,754461
2024-06-06,DTA,600.43,496829
2024-06-07,DTA,600.49,723313
2024-06-10,DTA,596.33,388980
2024-06-11,DTA,608.18,352414
2024-06-12,DTA,600.63,358554
2024-06-13,DTA,615.76,545894
2024-06-14,DTA,616.22,308357
2024-06-17,DTA,629.29,393463
2024-06-18,DTA,637.05,518657
2024-06-19,DTA,663.89,758352
2024-06-20,DTA,672.32,317097
2024-06-21,DTA,692.87,783535
2024-06-24,DTA,688.57,804674
2024-06-25,DTA,679.43,289636
2024-06-26,DTA,677.86,366803
2024-06-27,DTA,679.73,353539
2024-06-28,DTA,681.42,297988
2024-07-01,DTA,682.18,490784
2024-07-02,DTA,686.32,626384
2024-07-03,DTA,695.25,455865
2024-07-04,DTA,682.66,433792
2024-07-05,DTA,681.8,842206
2024-07-08,DTA,678.1,360921
2024-07-09,DTA,681.03,467866
2024-07-10,DTA,680.91,425894
2024-07-11,DTA,695.56,333991
2024-07-12,DTA,701.14,323395
2024-07-15,DTA,713.14,503225
2024-07-16,DTA,711.21,843566
2024-07-17,DTA,721.44,530100
2024-07-18,DTA,716.43,295363
2024-07-19,DTA,706.73,335739
2024-07-22,DTA,721.77,479426
2024-07-23,DTA,721.79,341125
2024-07-24,DTA,722.05,506454
2024-07-25,DTA,714.18,551946
2024-07-26,DTA,704.65,384384
2024-07-29,DTA,722.61,183239
2024-07-30,DTA,734.5,436194
2024-07-31,DTA,725.5,659680
2024-08-01,DTA,718.1,522043
2024-08-02,DTA,720.95,827709
2024-08-05,DTA,717.13,603642
2024-08-06,DTA,709.47,363864
2024-08-07,DTA,702.17,354967
2024-08-08,DTA,700.66,397900
2024-08-09,DTA,686.62,378703
2024-08-12,DTA,679.0,479714
2024-08-13,DTA,690.74,279709
2024-08-14,DTA,680.15,330653
2024-08-15,DTA,679.82,391033
2024-08-16,DTA,683.16,446078
2024-08-19,DTA,694.31,607944
2024-08-20,DTA,681.46,369391
2024-08-21,DTA,673.34,188758
2024-08-22,DTA,673.21,658831
2024-08-23,DTA,683.65,398578
2024-08-26,DTA,690.79,404832
2024-08-27,DTA,708.26,602475
2024-08-28,DTA,702.09,687103
2024-08-29,DTA,694.8,523123
2024-08-30,DTA,688.36,446814
2024-09-02,DTA,681.8,400781
2024-09-03,DTA,673.17,293388
2024-09-04,DTA,677.92,490761
2024-09-05,DTA,661.17,276614
2024-09-06,DTA,673.83,435781
2024-09-09,DTA,672.79,946544
2024-09-10,DTA,677.38,251444
2024-09-11,DTA,664.16,523655
2024-09-12,DTA,656.75,377952
2024-09-13,DTA,651.3,326309
2024-09-16,DTA,646.78,364829
2024-09-17,DTA,642.02,462370
2024-09-18,DTA,642.4,1116610
2024-09-19,DTA,637.44,614956
2024-09-20,DTA,644.32,567828
2024-09-23,DTA,652.59,359056
2024-09-24,DTA,670.57,289766
2024-09-25,DTA,673.41,329209
2024-09-26,DTA,671.97,728334
2024-09-27,DTA,673.6,360740
2024-09-30,DTA,678.47,488488
2024-10-01,DTA,671.85,450917
2024-10-02,DTA,681.0,469832
2024-10-03,DTA,688.95,424587
2024-10-04,DTA,672.4,542733
2024-10-07,DTA,692.35,330160
2024-10-08,DTA,696.03,571358
2024-10-09,DTA,687.25,995729
2024-10-10,DTA,677.97,449962
2024-10-11,DTA,680.91,389255
2024-10-14,DTA,673.2,417482
2024-10-15,DTA,664.63,601324
2024-10-16,DTA,661.23,274927
2024-10-17,DTA,666.81,724806
2024-10-18,DTA,663.99,464575
2024-10-21,DTA,656.26,514366
2024-10-22,DTA,672.3,427360
2024-10-23,DTA,677.9,444559
2024-10-24,DTA,669.81,309487
2024-10-25,DTA,672.57,309093
2024-10-28,DTA,674.57,269609
2024-10-29,DTA,675.11,251850
2024-10-30,DTA,676.14,726180
2024-10-31,DTA,675.1,417400
2024-11-01,DTA,680.37,516484
